resistance_thumb,bend_thumb,resistance_index,bend_index,resistance_mid,bend_mid,resistance_ring,bend_ring,resistance_little,bend_little,x,y,z,stage
11311.04,7,13173.6,19,14347.83,26,12173.33,13,12173.33,13,66,50,-119,0
10923,5,13173.6,19,13736.25,22,11726.79,10,12654.23,15,65,47,-119,0
10923,5,13173.6,19,14347.83,26,11311.04,7,12173.33,13,67,50,-122,0
11311.04,7,13173.6,19,14347.83,26,11311.04,7,12654.23,15,66,50,-120,0
10923,5,12654.23,15,13736.25,22,11311.04,7,12173.33,13,63,50,-122,0
11311.04,7,13173.6,19,14347.83,26,11311.04,7,12173.33,13,66,48,-119,0
10923,5,15745.71,34,14347.83,26,10923,5,12173.33,13,65,51,-121,0
11311.04,7,16549.5,39,14347.83,26,11311.04,7,12173.33,13,65,50,-121,0
11311.04,7,18425,50,14347.83,26,11311.04,7,11311.04,7,66,50,-122,0
11726.79,10,20769.38,64,14347.83,26,11726.79,10,12173.33,13,65,50,-120,3
14347.83,26,23783.57,82,14347.83,26,11726.79,10,11726.79,10,66,50,-121,3
17437.89,44,30360,122,13173.6,19,13173.6,19,11726.79,10,67,50,-118,3
20769.38,64,33429,140,14347.83,26,18425,50,12173.33,13,66,49,-121,3
23783.57,82,33429,140,14347.83,26,25638.46,93,12173.33,13,66,50,-120,3
27802.5,106,37180,163,13736.25,22,33429,140,11311.04,7,66,49,-123,3
30360,122,37180,163,14347.83,26,37180,163,11726.79,10,65,50,-123,3
30360,122,37180,163,15015,30,37180,163,14347.83,26,66,48,-121,3
27802.5,106,33429,140,15745.71,34,47897.14,227,18425,50,65,49,-119,4
33429,140,41868.75,191,18425,50,41868.75,191,23783.57,82,67,47,-120,4
33429,140,41868.75,191,22176,73,41868.75,191,30360,122,66,48,-118,4
33429,140,41868.75,191,25638.46,93,41868.75,191,33429,140,64,47,-117,4
33429,140,41868.75,191,33429,140,47897.14,227,41868.75,191,66,48,-119,4
33429,140,41868.75,191,37180,163,37180,163,41868.75,191,68,48,-119,4
30360,122,41868.75,191,41868.75,191,41868.75,191,37180,163,66,49,-118,4
30360,122,47897.14,227,41868.75,191,41868.75,191,37180,163,65,47,-116,4
33429,140,47897.14,227,41868.75,191,41868.75,191,47897.14,227,67,49,-118,4
30360,122,41868.75,191,41868.75,191,37180,163,47897.14,227,66,49,-119,4
33429,140,30360,122,47897.14,227,41868.75,191,47897.14,227,66,48,-119,4
27802.5,106,20769.38,64,47897.14,227,37180,163,37180,163,67,49,-118,4
27802.5,106,17437.89,44,41868.75,191,37180,163,47897.14,227,66,47,-117,4
27802.5,106,15015,30,41868.75,191,23783.57,82,47897.14,227,67,47,-116,4
22176,73,13173.6,19,41868.75,191,17437.89,44,41868.75,191,65,45,-119,4
17437.89,44,12173.33,13,41868.75,191,14347.83,26,41868.75,191,65,48,-119,4
15745.71,34,11726.79,10,41868.75,191,12173.33,13,41868.75,191,67,49,-116,3
13736.25,22,11726.79,10,41868.75,191,11726.79,10,41868.75,191,68,47,-118,3
13173.6,19,10923,5,41868.75,191,11726.79,10,41868.75,191,66,48,-117,3
12173.33,13,11311.04,7,47897.14,227,11726.79,10,41868.75,191,66,48,-120,3
10923,5,10923,5,47897.14,227,11311.04,7,37180,163,65,48,-118,3
10560,3,11311.04,7,41868.75,191,11726.79,10,25638.46,93,66,50,-117,3
10923,5,10560,3,37180,163,11726.79,10,16549.5,39,64,49,-120,3
10560,3,11311.04,7,37180,163,11726.79,10,13736.25,22,66,49,-118,3
9900,0,10923,5,25638.46,93,11726.79,10,12173.33,13,67,47,-122,3
10219.69,1,10923,5,23783.57,82,11726.79,10,11311.04,7,65,48,-121,3
9900,0,11311.04,7,17437.89,44,12173.33,13,10560,3,65,51,-120,3
9900,0,10923,5,15745.71,34,11726.79,10,10560,3,68,50,-119,3
9900,0,11311.04,7,13736.25,22,11726.79,10,10560,3,67,48,-118,3
9900,0,11311.04,7,12173.33,13,11726.79,10,10560,3,64,46,-119,3
9900,0,10923,5,11726.79,10,12173.33,13,10560,3,68,47,-117,3
9900,0,11311.04,7,11726.79,10,12173.33,13,10219.69,1,67,50,-118,3
9900,0,11311.04,7,11726.79,10,12173.33,13,10560,3,67,48,-118,3
9599.12,-2,10923,5,12173.33,13,12173.33,13,10560,3,67,49,-121,3
12654.23,15,12654.23,15,13173.6,19,12654.23,15,10923,5,68,42,-81,3
12173.33,13,13736.25,22,13736.25,22,12654.23,15,10560,3,80,59,-111,3
12654.23,15,12654.23,15,13736.25,22,13173.6,19,10560,3,81,63,-110,3
13173.6,19,12654.23,15,14347.83,26,12654.23,15,10560,3,81,63,-108,3
13173.6,19,13736.25,22,13736.25,22,12654.23,15,10560,3,79,61,-110,3
14347.83,26,18425,50,14347.83,26,13173.6,19,10560,3,79,64,-108,3
16549.5,39,20769.38,64,14347.83,26,13173.6,19,10560,3,82,62,-108,3
18425,50,23783.57,82,13736.25,22,12654.23,15,10923,5,81,62,-109,3
20769.38,64,27802.5,106,14347.83,26,13173.6,19,10560,3,82,62,-109,3
22176,73,30360,122,13736.25,22,13173.6,19,10560,3,79,61,-110,3
23783.57,82,27802.5,106,13736.25,22,12173.33,13,10560,3,82,62,-109,3
25638.46,93,30360,122,13736.25,22,13173.6,19,10560,3,79,59,-112,3
27802.5,106,37180,163,13736.25,22,12654.23,15,11311.04,7,80,61,-112,3
27802.5,106,37180,163,13173.6,19,12654.23,15,10560,3,80,60,-112,3
30360,122,37180,163,13736.25,22,12654.23,15,10560,3,80,60,-112,3
33429,140,33429,140,14347.83,26,12654.23,15,13736.25,22,79,59,-111,3
33429,140,33429,140,13736.25,22,13173.6,19,19528.23,57,80,61,-107,3
33429,140,37180,163,15015,30,13173.6,19,27802.5,106,80,60,-108,3
30360,122,41868.75,191,20769.38,64,12654.23,15,41868.75,191,81,61,-108,3
33429,140,37180,163,27802.5,106,12654.23,15,41868.75,191,81,62,-109,4
33429,140,37180,163,33429,140,13173.6,19,41868.75,191,79,61,-108,4
37180,163,37180,163,41868.75,191,12654.23,15,47897.14,227,80,61,-104,4
37180,163,47897.14,227,41868.75,191,12654.23,15,47897.14,227,81,61,-106,4
30360,122,41868.75,191,55935,275,13173.6,19,55935,275,80,61,-107,4
37180,163,37180,163,41868.75,191,13173.6,19,41868.75,191,79,61,-107,4
33429,140,37180,163,41868.75,191,13173.6,19,41868.75,191,79,60,-106,4
33429,140,41868.75,191,41868.75,191,12654.23,15,55935,275,81,61,-108,4
27802.5,106,33429,140,41868.75,191,16549.5,39,47897.14,227,81,62,-105,4
22176,73,37180,163,41868.75,191,23783.57,82,47897.14,227,81,60,-105,4
20769.38,64,33429,140,41868.75,191,33429,140,41868.75,191,80,62,-104,4
19528.23,57,33429,140,47897.14,227,37180,163,41868.75,191,81,61,-102,4
17437.89,44,33429,140,41868.75,191,41868.75,191,41868.75,191,83,62,-103,4
17437.89,44,41868.75,191,37180,163,41868.75,191,47897.14,227,82,62,-101,4
16549.5,39,37180,163,41868.75,191,41868.75,191,47897.14,227,82,61,-101,4
15745.71,34,30360,122,37180,163,41868.75,191,41868.75,191,80,60,-102,4
15745.71,34,22176,73,25638.46,93,41868.75,191,47897.14,227,81,62,-101,4
15015,30,20769.38,64,15745.71,34,41868.75,191,41868.75,191,82,62,-101,4
14347.83,26,17437.89,44,11726.79,10,37180,163,37180,163,82,62,-99,4
13736.25,22,16549.5,39,12173.33,13,37180,163,30360,122,80,61,-99,4
13736.25,22,15745.71,34,12173.33,13,41868.75,191,15745.71,34,78,62,-99,3
13173.6,19,15745.71,34,12173.33,13,41868.75,191,10923,5,82,62,-99,3
13736.25,22,14347.83,26,12173.33,13,41868.75,191,10219.69,1,83,61,-100,3
12654.23,15,13736.25,22,12173.33,13,27802.5,106,10219.69,1,83,61,-101,3
12654.23,15,12173.33,13,12173.33,13,18425,50,10560,3,84,61,-103,3
13173.6,19,12173.33,13,12654.23,15,15015,30,10219.69,1,82,62,-101,3
13173.6,19,10923,5,12173.33,13,12654.23,15,10219.69,1,83,60,-100,3
12654.23,15,10923,5,12173.33,13,11311.04,7,10560,3,83,60,-105,3
12654.23,15,10923,5,12654.23,15,11726.79,10,10219.69,1,81,60,-104,3
13736.25,22,10219.69,1,12654.23,15,11726.79,10,10560,3,80,60,-106,3
13736.25,22,10560,3,13173.6,19,11311.04,7,10560,3,83,61,-104,3
13173.6,19,10560,3,12654.23,15,11726.79,10,10560,3,82,60,-102,3
10560,3,13736.25,22,15015,30,12654.23,15,11311.04,7,86,61,-63,3
10219.69,1,13736.25,22,15015,30,12654.23,15,10560,3,68,62,-119,3
10923,5,13736.25,22,15015,30,12654.23,15,10560,3,67,63,-116,3
10560,3,13736.25,22,15015,30,12173.33,13,10219.69,1,68,62,-118,3
10560,3,13736.25,22,15015,30,12654.23,15,10560,3,67,63,-116,3
10219.69,1,13736.25,22,14347.83,26,13173.6,19,10923,5,69,63,-117,3
10560,3,13736.25,22,13736.25,22,12173.33,13,10923,5,69,63,-117,3
10219.69,1,15015,30,13736.25,22,12654.23,15,10923,5,71,65,-118,3
10560,3,18425,50,13736.25,22,13173.6,19,10560,3,67,63,-118,3
11726.79,10,20769.38,64,13173.6,19,13173.6,19,10923,5,69,63,-118,3
15015,30,23783.57,82,13173.6,19,13173.6,19,12654.23,15,69,62,-118,3
18425,50,27802.5,106,13736.25,22,12654.23,15,18425,50,68,61,-118,4
22176,73,33429,140,13736.25,22,12654.23,15,27802.5,106,68,64,-118,4
22176,73,33429,140,13736.25,22,12654.23,15,37180,163,71,61,-117,4
23783.57,82,33429,140,15015,30,13173.6,19,41868.75,191,70,62,-118,4
25638.46,93,37180,163,15745.71,34,12654.23,15,47897.14,227,69,61,-119,4
27802.5,106,37180,163,22176,73,12654.23,15,47897.14,227,67,62,-121,4
33429,140,41868.75,191,30360,122,13736.25,22,55935,275,69,60,-118,4
33429,140,47897.14,227,33429,140,12654.23,15,41868.75,191,68,62,-119,4
33429,140,41868.75,191,41868.75,191,12654.23,15,47897.14,227,68,59,-117,4
33429,140,41868.75,191,41868.75,191,13173.6,19,47897.14,227,68,60,-117,4
30360,122,41868.75,191,41868.75,191,12654.23,15,47897.14,227,69,60,-114,4
30360,122,41868.75,191,47897.14,227,13173.6,19,41868.75,191,70,60,-114,4
25638.46,93,41868.75,191,55935,275,12654.23,15,47897.14,227,70,62,-115,4
27802.5,106,47897.14,227,47897.14,227,13173.6,19,41868.75,191,69,62,-116,4
27802.5,106,47897.14,227,41868.75,191,22176,73,41868.75,191,69,61,-116,4
23783.57,82,41868.75,191,47897.14,227,33429,140,47897.14,227,71,59,-117,4
22176,73,41868.75,191,47897.14,227,41868.75,191,47897.14,227,69,62,-117,4
18425,50,37180,163,47897.14,227,41868.75,191,41868.75,191,68,61,-118,4
15015,30,37180,163,41868.75,191,47897.14,227,41868.75,191,69,60,-116,4
12654.23,15,41868.75,191,41868.75,191,41868.75,191,47897.14,227,71,63,-116,4
11726.79,10,41868.75,191,37180,163,41868.75,191,37180,163,68,61,-117,3
12173.33,13,37180,163,41868.75,191,41868.75,191,41868.75,191,70,61,-113,3
11311.04,7,33429,140,37180,163,41868.75,191,41868.75,191,70,61,-114,3
10923,5,27802.5,106,30360,122,41868.75,191,37180,163,69,63,-115,3
9900,0,25638.46,93,22176,73,41868.75,191,25638.46,93,68,61,-114,3
9900,0,19528.23,57,15745.71,34,41868.75,191,16549.5,39,70,63,-114,3
9900,0,16549.5,39,13173.6,19,41868.75,191,12654.23,15,70,62,-117,3
10219.69,1,15745.71,34,12654.23,15,41868.75,191,10560,3,68,61,-114,3
10219.69,1,13736.25,22,12173.33,13,33429,140,10219.69,1,69,65,-116,3
10219.69,1,12173.33,13,12173.33,13,27802.5,106,10560,3,69,62,-114,3
9900,0,11311.04,7,12654.23,15,20769.38,64,10560,3,69,61,-114,3
10219.69,1,10923,5,12654.23,15,15745.71,34,10923,5,70,63,-113,3
10219.69,1,10923,5,12173.33,13,13736.25,22,10923,5,70,61,-115,3
10219.69,1,10219.69,1,12654.23,15,12173.33,13,10219.69,1,71,62,-116,3
10219.69,1,10219.69,1,12654.23,15,11311.04,7,10560,3,70,62,-112,3
10219.69,1,10923,5,12173.33,13,11726.79,10,10923,5,70,62,-114,3
10219.69,1,10923,5,13173.6,19,11726.79,10,10219.69,1,67,61,-113,3
9900,0,10560,3,12654.23,15,11726.79,10,10560,3,70,61,-115,3
9900,0,10923,5,13173.6,19,12173.33,13,10560,3,69,62,-113,3
10219.69,1,10560,3,13736.25,22,11311.04,7,10923,5,70,62,-115,3
12173.33,13,12654.23,15,13736.25,22,13736.25,22,10923,5,67,40,-119,3
12173.33,13,13173.6,19,13173.6,19,13173.6,19,10923,5,63,36,-125,3
12654.23,15,13173.6,19,13736.25,22,12654.23,15,10923,5,62,38,-125,3
12173.33,13,13173.6,19,13736.25,22,13173.6,19,10923,5,63,38,-124,3
12173.33,13,12173.33,13,13736.25,22,13173.6,19,11311.04,7,63,37,-124,3
12654.23,15,13173.6,19,13173.6,19,13173.6,19,11311.04,7,63,36,-125,3
12173.33,13,13736.25,22,13173.6,19,13173.6,19,11311.04,7,64,38,-124,3
14347.83,26,15015,30,13736.25,22,12173.33,13,10923,5,65,39,-122,3
15745.71,34,17437.89,44,12654.23,15,13173.6,19,10923,5,64,40,-123,3
18425,50,25638.46,93,13736.25,22,12654.23,15,11311.04,7,60,38,-123,3
19528.23,57,30360,122,13173.6,19,12654.23,15,11311.04,7,66,39,-123,3
23783.57,82,33429,140,13736.25,22,12654.23,15,10923,5,65,37,-122,3
25638.46,93,30360,122,12654.23,15,12654.23,15,11726.79,10,64,38,-120,3
25638.46,93,33429,140,15015,30,14347.83,26,15015,30,63,38,-121,3
25638.46,93,30360,122,17437.89,44,15745.71,34,15745.71,34,65,39,-121,3
23783.57,82,27802.5,106,20769.38,64,20769.38,64,18425,50,64,39,-119,3
23783.57,82,23783.57,82,25638.46,93,23783.57,82,18425,50,65,38,-119,3
25638.46,93,19528.23,57,27802.5,106,25638.46,93,18425,50,66,38,-120,3
23783.57,82,17437.89,44,33429,140,30360,122,19528.23,57,64,37,-119,3
22176,73,14347.83,26,30360,122,27802.5,106,18425,50,65,37,-119,3
22176,73,15015,30,33429,140,25638.46,93,18425,50,66,38,-119,3
17437.89,44,13736.25,22,30360,122,27802.5,106,18425,50,65,37,-121,3
16549.5,39,11726.79,10,27802.5,106,23783.57,82,19528.23,57,63,37,-124,3
14347.83,26,11311.04,7,30360,122,25638.46,93,16549.5,39,63,38,-119,3
13173.6,19,10923,5,27802.5,106,25638.46,93,17437.89,44,64,38,-122,3
12654.23,15,10923,5,30360,122,25638.46,93,18425,50,62,39,-123,3
13173.6,19,10560,3,27802.5,106,25638.46,93,18425,50,64,38,-122,3
13173.6,19,10560,3,25638.46,93,25638.46,93,16549.5,39,64,38,-121,3
12654.23,15,10219.69,1,25638.46,93,25638.46,93,17437.89,44,65,39,-121,3
11726.79,10,10923,5,16549.5,39,25638.46,93,18425,50,62,38,-122,3
11726.79,10,10560,3,13736.25,22,22176,73,17437.89,44,65,37,-123,3
11311.04,7,10560,3,13173.6,19,20769.38,64,18425,50,64,37,-122,3
10560,3,10219.69,1,13173.6,19,14347.83,26,16549.5,39,63,39,-121,3
10219.69,1,10560,3,12173.33,13,12173.33,13,13736.25,22,62,38,-118,3
9599.12,-2,10219.69,1,12654.23,15,11726.79,10,11726.79,10,67,38,-116,3
9900,0,10560,3,12173.33,13,11726.79,10,11311.04,7,66,39,-116,3
9900,0,10560,3,12654.23,15,11726.79,10,10923,5,63,38,-116,3
9900,0,10219.69,1,12654.23,15,12173.33,13,11311.04,7,65,39,-116,3
9900,0,10219.69,1,12173.33,13,11726.79,10,11311.04,7,66,39,-115,3
9599.12,-2,10560,3,12654.23,15,12173.33,13,11726.79,10,66,38,-116,3
9599.12,-2,10560,3,13173.6,19,11726.79,10,11311.04,7,65,38,-116,3
9900,0,11311.04,7,13173.6,19,11726.79,10,11311.04,7,64,38,-118,3
9900,0,10923,5,12654.23,15,11726.79,10,11311.04,7,64,39,-115,3
9599.12,-2,10923,5,13173.6,19,11726.79,10,10923,5,66,38,-116,3
10219.69,1,10560,3,12654.23,15,11726.79,10,11311.04,7,65,39,-116,3
9599.12,-2,10923,5,13736.25,22,12173.33,13,10923,5,65,38,-116,3
10219.69,1,10923,5,12654.23,15,12173.33,13,11311.04,7,64,38,-116,3
9900,0,11311.04,7,12654.23,15,12173.33,13,11311.04,7,66,37,-116,3
10219.69,1,11311.04,7,13173.6,19,12173.33,13,11311.04,7,64,38,-117,3
9900,0,10923,5,12654.23,15,12173.33,13,10923,5,66,38,-118,3
9599.12,-2,10923,5,13173.6,19,12173.33,13,11311.04,7,64,39,-116,3
11726.79,10,12173.33,13,15015,30,14347.83,26,11311.04,7,-88,-8,305,2
11311.04,7,11311.04,7,20769.38,64,14347.83,26,11311.04,7,64,52,-122,2
11311.04,7,11726.79,10,25638.46,93,14347.83,26,11311.04,7,64,56,-121,2
10923,5,11726.79,10,27802.5,106,15015,30,10923,5,62,54,-121,2
11726.79,10,11726.79,10,27802.5,106,14347.83,26,11311.04,7,63,54,-122,2
11311.04,7,11311.04,7,30360,122,15015,30,11311.04,7,62,53,-122,2
11726.79,10,11726.79,10,27802.5,106,14347.83,26,11311.04,7,62,52,-119,2
11726.79,10,12173.33,13,13173.6,19,14347.83,26,11311.04,7,63,53,-122,2
12173.33,13,12173.33,13,11726.79,10,14347.83,26,11726.79,10,63,53,-122,2
14347.83,26,12173.33,13,12173.33,13,13736.25,22,11726.79,10,63,53,-121,2
15745.71,34,12654.23,15,12173.33,13,15015,30,11311.04,7,64,54,-120,2
18425,50,15745.71,34,12173.33,13,14347.83,26,11311.04,7,63,54,-119,2
20769.38,64,18425,50,12173.33,13,14347.83,26,11311.04,7,65,54,-120,3
22176,73,22176,73,12173.33,13,15015,30,12173.33,13,65,55,-119,3
20769.38,64,23783.57,82,12654.23,15,19528.23,57,15745.71,34,63,53,-119,3
23783.57,82,27802.5,106,13736.25,22,23783.57,82,18425,50,65,53,-118,3
23783.57,82,30360,122,16549.5,39,25638.46,93,20769.38,64,65,53,-117,3
20769.38,64,25638.46,93,19528.23,57,30360,122,23783.57,82,65,54,-119,3
22176,73,27802.5,106,23783.57,82,25638.46,93,25638.46,93,63,54,-117,3
22176,73,25638.46,93,27802.5,106,27802.5,106,25638.46,93,63,52,-120,3
20769.38,64,27802.5,106,25638.46,93,27802.5,106,30360,122,64,53,-118,3
22176,73,25638.46,93,27802.5,106,27802.5,106,27802.5,106,63,57,-119,3
19528.23,57,25638.46,93,30360,122,25638.46,93,25638.46,93,67,54,-117,3
20769.38,64,30360,122,27802.5,106,25638.46,93,23783.57,82,64,54,-119,3
18425,50,25638.46,93,27802.5,106,23783.57,82,27802.5,106,64,55,-119,3
17437.89,44,22176,73,27802.5,106,25638.46,93,25638.46,93,64,55,-119,3
15745.71,34,18425,50,30360,122,27802.5,106,25638.46,93,65,55,-121,3
15745.71,34,16549.5,39,30360,122,25638.46,93,23783.57,82,63,51,-121,3
14347.83,26,14347.83,26,27802.5,106,25638.46,93,25638.46,93,65,55,-122,3
12654.23,15,13736.25,22,27802.5,106,30360,122,23783.57,82,65,53,-122,2
11311.04,7,13736.25,22,27802.5,106,27802.5,106,22176,73,64,56,-122,2
10923,5,13736.25,22,30360,122,25638.46,93,17437.89,44,63,57,-122,2
10219.69,1,12173.33,13,22176,73,25638.46,93,14347.83,26,65,55,-122,2
10923,5,11311.04,7,16549.5,39,25638.46,93,12654.23,15,63,54,-123,2
10560,3,11726.79,10,15015,30,23783.57,82,12654.23,15,64,54,-121,2
10219.69,1,10923,5,12654.23,15,16549.5,39,12654.23,15,64,55,-121,2
10219.69,1,10923,5,11726.79,10,12173.33,13,12173.33,13,65,57,-122,2
10560,3,10923,5,11726.79,10,10560,3,12173.33,13,64,54,-121,2
10219.69,1,10560,3,11726.79,10,10923,5,11726.79,10,65,54,-119,2
10560,3,10560,3,12173.33,13,10923,5,12173.33,13,65,56,-121,2
10219.69,1,10219.69,1,12173.33,13,10923,5,11726.79,10,66,54,-120,2
10560,3,10560,3,11726.79,10,11311.04,7,11726.79,10,64,57,-120,2
10560,3,10560,3,11726.79,10,11311.04,7,12173.33,13,65,54,-119,2
10560,3,10219.69,1,12173.33,13,11726.79,10,12173.33,13,64,55,-120,2
10219.69,1,10560,3,12173.33,13,11726.79,10,12173.33,13,64,54,-120,2
10560,3,10560,3,12173.33,13,11311.04,7,11726.79,10,63,53,-120,2
10923,5,10219.69,1,12173.33,13,10923,5,12654.23,15,64,55,-119,2
10219.69,1,10219.69,1,12654.23,15,11726.79,10,12173.33,13,63,55,-120,2
10560,3,9900,0,12173.33,13,11311.04,7,12654.23,15,63,54,-122,2
10219.69,1,10560,3,12654.23,15,11726.79,10,11726.79,10,63,53,-120,2
10560,3,10923,5,13173.6,19,11726.79,10,12654.23,15,65,55,-121,2
11726.79,10,11726.79,10,18769.38,64,12654.23,15,11726.79,10,64,50,-117,3
12173.33,13,11726.79,10,22638.46,93,13173.6,19,12173.33,13,63,50,-119,3
12173.33,13,11726.79,10,20802.5,106,13173.6,19,12173.33,13,66,49,-117,3
11726.79,10,12173.33,13,27802.5,106,12654.23,15,12173.33,13,65,51,-118,3
12173.33,13,11726.79,10,30360,122,13173.6,19,12173.33,13,62,50,-116,3
11726.79,10,12173.33,13,27802.5,106,13736.25,22,12173.33,13,65,50,-118,3
12173.33,13,12654.23,15,13173.6,19,12654.23,15,11311.04,7,63,50,-118,3
12173.33,13,14347.83,26,11726.79,10,13173.6,19,12173.33,13,63,50,-116,3
12173.33,13,17437.89,44,12173.33,13,12654.23,15,11726.79,10,66,48,-118,3
12173.33,13,19528.23,57,12173.33,13,13173.6,19,12654.23,15,64,50,-117,3
12654.23,15,22176,73,12173.33,13,13736.25,22,12173.33,13,64,51,-117,3
12654.23,15,23783.57,82,12173.33,13,13173.6,19,12173.33,13,66,52,-116,3
12173.33,13,25638.46,93,12173.33,13,13736.25,22,12173.33,13,64,48,-115,3
13173.6,19,25638.46,93,12654.23,15,13173.6,19,11726.79,10,63,50,-117,3
14347.83,26,27802.5,106,13736.25,22,15015,30,12173.33,13,64,51,-117,3
15745.71,34,27802.5,106,16549.5,39,19528.23,57,12173.33,13,63,50,-114,3
16549.5,39,27802.5,106,19528.23,57,23783.57,82,12654.23,15,63,52,-115,3
16549.5,39,27802.5,106,23783.57,82,22176,73,15015,30,64,50,-115,3
19528.23,57,23783.57,82,27802.5,106,27802.5,106,16549.5,39,64,50,-115,3
19528.23,57,25638.46,93,25638.46,93,25638.46,93,18425,50,64,50,-115,3
19528.23,57,27802.5,106,27802.5,106,23783.57,82,19528.23,57,64,49,-115,3
19528.23,57,23783.57,82,30360,122,25638.46,93,20769.38,64,62,50,-114,3
20769.38,64,25638.46,93,27802.5,106,23783.57,82,19528.23,57,65,52,-112,3
20769.38,64,25638.46,93,27802.5,106,23783.57,82,19528.23,57,64,51,-111,3
18425,50,23783.57,82,27802.5,106,23783.57,82,19528.23,57,64,51,-112,3
20769.38,64,22176,73,30360,122,22176,73,19528.23,57,65,52,-111,3
18425,50,20769.38,64,30360,122,25638.46,93,19528.23,57,64,52,-112,3
16549.5,39,19528.23,57,27802.5,106,25638.46,93,19528.23,57,66,51,-112,3
16549.5,39,19528.23,57,27802.5,106,22176,73,19528.23,57,65,51,-113,3
14347.83,26,19528.23,57,27802.5,106,25638.46,93,18425,50,62,51,-113,3
10923,5,18425,50,30360,122,22176,73,19528.23,57,64,52,-114,3
10923,5,17437.89,44,22176,73,22176,73,19528.23,57,64,52,-114,3
10219.69,1,18425,50,16549.5,39,22176,73,18425,50,64,52,-116,3
10219.69,1,15745.71,34,15015,30,23783.57,82,19528.23,57,65,53,-116,3
10219.69,1,15745.71,34,12654.23,15,22176,73,18425,50,63,55,-113,3
10560,3,15015,30,11726.79,10,16549.5,39,16549.5,39,66,51,-115,3
10219.69,1,13736.25,22,11726.79,10,15015,30,13173.6,19,63,51,-116,3
10219.69,1,13173.6,19,11726.79,10,12654.23,15,12654.23,15,62,52,-115,3
9900,0,12654.23,15,12173.33,13,11726.79,10,12173.33,13,63,51,-115,2
10219.69,1,12654.23,15,12173.33,13,12173.33,13,12173.33,13,63,52,-114,2
10219.69,1,12654.23,15,11726.79,10,11726.79,10,12173.33,13,66,51,-116,2
10219.69,1,13173.6,19,11726.79,10,12173.33,13,11311.04,7,64,53,-116,2
10560,3,11726.79,10,12173.33,13,12173.33,13,11311.04,7,63,51,-114,2
9900,0,11726.79,10,12173.33,13,12173.33,13,11726.79,10,63,51,-117,2
9900,0,11726.79,10,12173.33,13,12173.33,13,11311.04,7,63,51,-114,2
10560,3,11726.79,10,12173.33,13,12173.33,13,11726.79,10,65,53,-116,2
10560,3,11726.79,10,12654.23,15,12173.33,13,12173.33,13,63,52,-114,2
10219.69,1,11726.79,10,12173.33,13,13173.6,19,11311.04,7,64,52,-116,2
10219.69,1,10923,5,12654.23,15,12654.23,15,11726.79,10,66,52,-116,2
10560,3,10923,5,13173.6,19,12654.23,15,11726.79,10,65,52,-114,2
10560,3,11726.79,10,13173.6,19,13173.6,19,11311.04,7,64,52,-115,2
12173.33,13,11726.79,10,12173.33,13,5490.52,-27,14347.83,26,83,42,-156,3
12173.33,13,12173.33,13,12654.23,15,5490.52,-27,14347.83,26,83,44,-154,3
12173.33,13,13173.6,19,12173.33,13,5490.52,-27,13736.25,22,83,43,-154,3
12173.33,13,13736.25,22,12173.33,13,5490.52,-27,13736.25,22,84,42,-154,3
12654.23,15,15015,30,13173.6,19,5391.86,-27,14347.83,26,82,44,-151,3
15015,30,15745.71,34,14347.83,26,5391.86,-27,14347.83,26,82,42,-154,3
16549.5,39,17437.89,44,14347.83,26,5296.5,-28,13173.6,19,82,44,-154,3
17437.89,44,18425,50,16549.5,39,5592.63,-26,13736.25,22,83,41,-154,3
18425,50,20769.38,64,19528.23,57,5592.63,-26,13736.25,22,82,41,-154,3
19528.23,57,22176,73,22176,73,6039.62,-23,14347.83,26,80,41,-153,3
20769.38,64,22176,73,25638.46,93,6703.13,-19,15015,30,81,45,-154,3
23783.57,82,23783.57,82,25638.46,93,7172,-16,15745.71,34,83,42,-154,3
23783.57,82,25638.46,93,27802.5,106,8553.95,-8,18425,50,83,43,-156,3
23783.57,82,27802.5,106,27802.5,106,8553.95,-8,19528.23,57,80,44,-156,3
25638.46,93,30360,122,33429,140,7172,-16,22176,73,82,44,-154,3
27802.5,106,30360,122,30360,122,1998.21,-48,23783.57,82,82,44,-152,4
30360,122,30360,122,30360,122,1920.6,-48,23783.57,82,82,42,-153,4
30360,122,37180,163,33429,140,1998.21,-48,25638.46,93,83,41,-153,4
30360,122,33429,140,41868.75,191,2047.39,-47,27802.5,106,83,42,-154,4
30360,122,33429,140,37180,163,2208.27,-46,25638.46,93,82,41,-155,4
33429,140,41868.75,191,33429,140,2081.36,-47,30360,122,81,44,-153,4
30360,122,37180,163,41868.75,191,2370.72,-45,30360,122,82,41,-154,4
25638.46,93,41868.75,191,37180,163,2392.5,-45,37180,163,81,42,-155,5
27802.5,106,41868.75,191,41868.75,191,2307.42,-46,37180,163,82,40,-154,5
30360,122,41868.75,191,41868.75,191,27802.5,106,41868.75,191,80,41,-153,5
27802.5,106,37180,163,37180,163,27802.5,106,41868.75,191,82,38,-153,5
30360,122,37180,163,33429,140,30360,122,41868.75,191,81,40,-154,5
25638.46,93,33429,140,30360,122,27802.5,106,41868.75,191,80,39,-153,5
27802.5,106,41868.75,191,33429,140,27802.5,106,41868.75,191,79,38,-155,5
22176,73,41868.75,191,27802.5,106,27802.5,106,47897.14,227,81,40,-152,5
22176,73,33429,140,23783.57,82,27802.5,106,41868.75,191,82,38,-156,5
20769.38,64,33429,140,19528.23,57,27802.5,106,47897.14,227,82,41,-153,5
18425,50,27802.5,106,15745.71,34,27802.5,106,41868.75,191,79,37,-153,5
17437.89,44,25638.46,93,14347.83,26,25638.46,93,41868.75,191,82,37,-151,5
16549.5,39,23783.57,82,13173.6,19,25638.46,93,47897.14,227,81,38,-153,5
16549.5,39,22176,73,12173.33,13,20769.38,64,41868.75,191,81,39,-152,4
16549.5,39,20769.38,64,11311.04,7,17437.89,44,41868.75,191,81,37,-150,4
15745.71,34,18425,50,10560,3,13736.25,22,41868.75,191,81,38,-152,4
13736.25,22,15015,30,9900,0,11311.04,7,47897.14,227,79,38,-153,4
13736.25,22,13736.25,22,9900,0,9315.43,-4,37180,163,80,38,-153,3
13173.6,19,13173.6,19,9599.12,-2,9315.43,-4,33429,140,83,36,-152,3
12654.23,15,12173.33,13,9599.12,-2,9315.43,-4,30360,122,82,39,-153,3
11726.79,10,11726.79,10,9599.12,-2,9315.43,-4,22176,73,82,37,-156,3
11726.79,10,11311.04,7,9315.43,-4,9047.5,-5,20769.38,64,80,37,-153,3
11311.04,7,10923,5,9315.43,-4,9047.5,-5,20769.38,64,79,37,-155,3
11311.04,7,10923,5,9315.43,-4,8553.95,-8,15745.71,34,81,39,-152,3
10923,5,10923,5,9599.12,-2,8794.05,-7,15745.71,34,80,37,-154,3
10923,5,10560,3,9599.12,-2,8794.05,-7,15015,30,79,40,-154,3
10923,5,10923,5,9315.43,-4,7903.9,-12,13736.25,22,82,39,-153,3
10219.69,1,10560,3,9599.12,-2,8326.15,-10,14347.83,26,80,39,-154,3
10219.69,1,10560,3,9599.12,-2,8326.15,-10,12173.33,13,80,39,-153,3
10560,3,11726.79,10,10923,5,8553.95,-8,12654.23,15,78,38,-153,3
10560,3,11311.04,7,11311.04,7,8553.95,-8,13173.6,19,78,36,-156,3
10560,3,11311.04,7,10923,5,8109.75,-11,13736.25,22,77,37,-154,3
10923,5,11311.04,7,10923,5,4294.52,-34,13173.6,19,77,39,-156,3
10560,3,10923,5,10923,5,10219.69,1,13173.6,19,78,37,-155,4
10560,3,11311.04,7,10923,5,11311.04,7,13173.6,19,77,37,-156,4
11726.79,10,11311.04,7,11311.04,7,13173.6,19,13736.25,22,78,38,-157,4
12654.23,15,11726.79,10,10923,5,15015,30,14347.83,26,77,37,-154,4
13173.6,19,11726.79,10,11726.79,10,17437.89,44,14347.83,26,78,35,-156,4
15015,30,12654.23,15,13173.6,19,18425,50,15015,30,77,37,-152,4
15015,30,14347.83,26,13173.6,19,22176,73,18425,50,78,37,-155,4
16549.5,39,14347.83,26,14347.83,26,23783.57,82,20769.38,64,79,35,-153,4
16549.5,39,16549.5,39,17437.89,44,25638.46,93,23783.57,82,77,35,-155,4
17437.89,44,19528.23,57,18425,50,27802.5,106,27802.5,106,78,37,-154,4
20769.38,64,22176,73,22176,73,30360,122,33429,140,77,39,-153,4
19528.23,57,23783.57,82,25638.46,93,27802.5,106,33429,140,77,36,-155,4
23783.57,82,23783.57,82,27802.5,106,27802.5,106,37180,163,76,36,-154,4
23783.57,82,27802.5,106,30360,122,27802.5,106,37180,163,77,37,-155,4
27802.5,106,27802.5,106,33429,140,27802.5,106,55935,275,77,38,-154,4
30360,122,27802.5,106,37180,163,30360,122,47897.14,227,78,37,-155,4
33429,140,33429,140,37180,163,30360,122,47897.14,227,77,38,-156,4
30360,122,33429,140,37180,163,30360,122,41868.75,191,78,36,-155,4
30360,122,33429,140,37180,163,27802.5,106,47897.14,227,76,37,-154,4
27802.5,106,33429,140,41868.75,191,30360,122,41868.75,191,78,39,-156,4
27802.5,106,33429,140,41868.75,191,30360,122,41868.75,191,76,37,-154,4
30360,122,37180,163,47897.14,227,27802.5,106,47897.14,227,77,39,-152,4
30360,122,41868.75,191,41868.75,191,27802.5,106,41868.75,191,76,36,-155,4
30360,122,37180,163,37180,163,27802.5,106,47897.14,227,77,37,-154,4
27802.5,106,33429,140,37180,163,25638.46,93,47897.14,227,76,37,-153,4
25638.46,93,37180,163,37180,163,27802.5,106,33429,140,78,37,-156,4
23783.57,82,37180,163,37180,163,30360,122,30360,122,76,35,-154,4
23783.57,82,33429,140,37180,163,27802.5,106,20769.38,64,77,37,-155,4
20769.38,64,33429,140,30360,122,30360,122,16549.5,39,79,36,-152,4
19528.23,57,33429,140,30360,122,25638.46,93,14347.83,26,78,38,-153,4
20769.38,64,37180,163,27802.5,106,22176,73,12654.23,15,76,36,-153,4
17437.89,44,33429,140,23783.57,82,20769.38,64,12654.23,15,77,39,-155,4
15015,30,33429,140,19528.23,57,15745.71,34,12173.33,13,79,39,-154,4
14347.83,26,33429,140,16549.5,39,13736.25,22,11311.04,7,76,38,-155,4
14347.83,26,27802.5,106,14347.83,26,12654.23,15,12173.33,13,77,37,-155,4
12173.33,13,30360,122,13173.6,19,12173.33,13,12173.33,13,76,36,-155,4
11726.79,10,22176,73,11726.79,10,11726.79,10,12654.23,15,76,37,-156,4
11311.04,7,22176,73,10923,5,11311.04,7,11726.79,10,78,38,-158,4
10923,5,18425,50,10219.69,1,10923,5,11311.04,7,76,37,-156,4
10560,3,16549.5,39,9599.12,-2,10219.69,1,12173.33,13,77,38,-155,3
10219.69,1,14347.83,26,9900,0,9599.12,-2,11311.04,7,77,38,-156,3
10560,3,14347.83,26,9599.12,-2,8794.05,-7,11311.04,7,79,38,-154,3
10219.69,1,13173.6,19,9599.12,-2,8109.75,-11,11311.04,7,77,39,-154,3
10219.69,1,12173.33,13,9599.12,-2,8794.05,-7,11311.04,7,75,38,-157,3
9900,0,12654.23,15,9315.43,-4,8109.75,-11,11726.79,10,78,40,-153,3
10219.69,1,11311.04,7,9599.12,-2,7342.5,-15,11311.04,7,77,38,-156,3
9900,0,10923,5,9599.12,-2,8109.75,-11,11311.04,7,79,38,-155,3
10560,3,10923,5,9599.12,-2,10219.69,1,12173.33,13,66,34,-158,3
10560,3,10923,5,9900,0,10560,3,12654.23,15,68,34,-157,3
10219.69,1,10560,3,9900,0,10219.69,1,12654.23,15,67,34,-158,3
10219.69,1,10923,5,10219.69,1,10219.69,1,12654.23,15,67,34,-158,3
10560,3,10923,5,9599.12,-2,10219.69,1,12654.23,15,66,34,-156,3
10219.69,1,10560,3,9900,0,10560,3,13173.6,19,67,33,-155,3
10219.69,1,10923,5,9900,0,12173.33,13,13173.6,19,66,34,-156,3
10560,3,10923,5,10560,3,12173.33,13,12654.23,15,68,32,-157,3
12173.33,13,12654.23,15,11311.04,7,13173.6,19,13736.25,22,67,33,-159,3
13173.6,19,13736.25,22,13173.6,19,15745.71,34,16549.5,39,66,34,-158,3
13173.6,19,13736.25,22,15015,30,16549.5,39,17437.89,44,68,33,-156,3
14347.83,26,15745.71,34,18425,50,18425,50,20769.38,64,65,33,-159,3
15015,30,17437.89,44,19528.23,57,22176,73,25638.46,93,66,34,-158,3
16549.5,39,18425,50,22176,73,23783.57,82,27802.5,106,68,32,-160,3
17437.89,44,20769.38,64,25638.46,93,23783.57,82,33429,140,69,35,-158,3
18425,50,20769.38,64,25638.46,93,27802.5,106,33429,140,66,35,-158,4
20769.38,64,25638.46,93,30360,122,30360,122,37180,163,69,35,-158,4
23783.57,82,25638.46,93,37180,163,30360,122,41868.75,191,66,34,-159,4
25638.46,93,27802.5,106,33429,140,33429,140,37180,163,67,33,-160,4
25638.46,93,25638.46,93,37180,163,27802.5,106,47897.14,227,67,33,-159,4
25638.46,93,27802.5,106,37180,163,27802.5,106,41868.75,191,67,36,-160,4
27802.5,106,27802.5,106,41868.75,191,30360,122,41868.75,191,66,35,-160,4
33429,140,30360,122,37180,163,33429,140,41868.75,191,67,33,-158,4
33429,140,33429,140,37180,163,33429,140,47897.14,227,68,34,-159,4
33429,140,37180,163,41868.75,191,27802.5,106,47897.14,227,68,36,-157,4
33429,140,37180,163,41868.75,191,30360,122,47897.14,227,66,33,-158,4
27802.5,106,37180,163,41868.75,191,30360,122,41868.75,191,67,35,-159,4
30360,122,37180,163,37180,163,27802.5,106,47897.14,227,65,34,-157,4
30360,122,41868.75,191,41868.75,191,30360,122,47897.14,227,66,33,-159,4
25638.46,93,41868.75,191,37180,163,30360,122,47897.14,227,67,34,-156,4
23783.57,82,37180,163,37180,163,25638.46,93,41868.75,191,67,32,-157,4
19528.23,57,37180,163,41868.75,191,27802.5,106,41868.75,191,67,33,-158,4
19528.23,57,37180,163,37180,163,27802.5,106,37180,163,65,33,-156,4
18425,50,41868.75,191,33429,140,30360,122,25638.46,93,68,32,-156,4
17437.89,44,33429,140,33429,140,27802.5,106,18425,50,68,31,-158,4
17437.89,44,33429,140,30360,122,27802.5,106,13736.25,22,67,32,-158,4
15745.71,34,33429,140,27802.5,106,23783.57,82,13736.25,22,66,33,-155,3
14347.83,26,27802.5,106,20769.38,64,23783.57,82,13173.6,19,68,32,-156,3
13736.25,22,25638.46,93,15745.71,34,20769.38,64,12654.23,15,67,32,-156,3
13173.6,19,22176,73,12654.23,15,17437.89,44,12654.23,15,68,32,-155,3
12654.23,15,22176,73,11726.79,10,15745.71,34,12654.23,15,67,34,-156,3
11311.04,7,17437.89,44,10923,5,15015,30,12173.33,13,69,33,-159,3
10560,3,14347.83,26,10219.69,1,13173.6,19,12654.23,15,67,34,-157,3
10560,3,12173.33,13,10219.69,1,11726.79,10,12173.33,13,69,32,-156,3
10219.69,1,11726.79,10,9599.12,-2,12173.33,13,11311.04,7,67,34,-156,3
10219.69,1,11311.04,7,9900,0,11311.04,7,11311.04,7,66,34,-157,3
10219.69,1,10923,5,9599.12,-2,10560,3,11311.04,7,68,33,-155,3
10219.69,1,10219.69,1,10560,3,10560,3,10923,5,67,34,-158,3
10219.69,1,9900,0,9599.12,-2,9900,0,10923,5,67,34,-157,3
9900,0,10219.69,1,9599.12,-2,10219.69,1,10923,5,70,34,-155,3
10560,3,10219.69,1,9315.43,-4,9900,0,10923,5,68,32,-156,3
10219.69,1,11726.79,10,11726.79,10,10219.69,1,13173.6,19,68,32,-156,3
10219.69,1,11726.79,10,12173.33,13,9900,0,13173.6,19,68,31,-157,3
10219.69,1,11311.04,7,11726.79,10,9599.12,-2,13173.6,19,66,32,-155,3
10219.69,1,12173.33,13,11311.04,7,9599.12,-2,13736.25,22,66,31,-155,3
10560,3,11311.04,7,11311.04,7,9900,0,13173.6,19,69,34,-157,3
10219.69,1,13173.6,19,13173.6,19,10560,3,15015,30,68,34,-157,3
10560,3,13173.6,19,12654.23,15,10923,5,17437.89,44,68,33,-157,3
11311.04,7,13736.25,22,13173.6,19,10923,5,20769.38,64,66,32,-155,3
11726.79,10,15015,30,13736.25,22,12654.23,15,23783.57,82,67,34,-158,3
12654.23,15,15745.71,34,14347.83,26,13173.6,19,33429,140,66,31,-156,3
13736.25,22,17437.89,44,16549.5,39,14347.83,26,30360,122,68,33,-155,3
14347.83,26,17437.89,44,19528.23,57,15015,30,25638.46,93,69,34,-157,3
16549.5,39,20769.38,64,20769.38,64,16549.5,39,30360,122,65,34,-158,3
19528.23,57,19528.23,57,20769.38,64,18425,50,30360,122,66,33,-158,3
19528.23,57,22176,73,22176,73,19528.23,57,30360,122,68,35,-158,3
19528.23,57,25638.46,93,22176,73,19528.23,57,30360,122,68,31,-157,3
19528.23,57,25638.46,93,23783.57,82,18425,50,33429,140,67,32,-158,3
20769.38,64,25638.46,93,25638.46,93,18425,50,27802.5,106,66,34,-157,3
20769.38,64,27802.5,106,25638.46,93,18425,50,30360,122,69,34,-156,3
22176,73,25638.46,93,27802.5,106,17437.89,44,27802.5,106,68,35,-159,3
22176,73,27802.5,106,27802.5,106,17437.89,44,22176,73,67,33,-158,3
22176,73,25638.46,93,30360,122,15745.71,34,18425,50,67,34,-157,3
22176,73,25638.46,93,27802.5,106,15015,30,17437.89,44,68,33,-158,3
25638.46,93,25638.46,93,30360,122,13736.25,22,15015,30,68,34,-157,3
25638.46,93,22176,73,30360,122,11726.79,10,13173.6,19,69,34,-157,3
25638.46,93,18425,50,30360,122,10923,5,12654.23,15,68,33,-156,3
22176,73,18425,50,30360,122,10560,3,12654.23,15,69,34,-156,3
20769.38,64,17437.89,44,27802.5,106,10219.69,1,13173.6,19,68,34,-158,3
17437.89,44,15745.71,34,30360,122,9599.12,-2,12173.33,13,69,34,-157,3
17437.89,44,15015,30,30360,122,9315.43,-4,12173.33,13,69,33,-158,3
16549.5,39,14347.83,26,27802.5,106,9047.5,-5,12654.23,15,68,34,-158,3
15015,30,13736.25,22,27802.5,106,9315.43,-4,12173.33,13,68,34,-158,3
14347.83,26,13736.25,22,25638.46,93,9047.5,-5,13173.6,19,68,35,-156,3
13736.25,22,12654.23,15,27802.5,106,8794.05,-7,11726.79,10,69,36,-158,3
11726.79,10,12173.33,13,25638.46,93,8553.95,-8,12173.33,13,68,33,-156,3
11726.79,10,12173.33,13,20769.38,64,8326.15,-10,11726.79,10,69,34,-157,3
11311.04,7,11311.04,7,17437.89,44,8109.75,-11,12654.23,15,69,34,-157,3
10923,5,11311.04,7,15745.71,34,7903.9,-12,13173.6,19,70,33,-158,3
10560,3,10560,3,15015,30,7903.9,-12,12173.33,13,71,34,-158,3
10219.69,1,10560,3,12654.23,15,8326.15,-10,12654.23,15,69,34,-157,3
10219.69,1,10219.69,1,12173.33,13,8326.15,-10,12173.33,13,69,34,-157,3
10560,3,10219.69,1,11726.79,10,8109.75,-11,12654.23,15,69,34,-158,3
10560,3,9900,0,10923,5,8326.15,-10,12173.33,13,68,34,-157,3
10219.69,1,9900,0,10560,3,8553.95,-8,12654.23,15,70,34,-156,3
10560,3,9900,0,9900,0,8326.15,-10,12654.23,15,72,35,-157,3
10560,3,9900,0,9900,0,8553.95,-8,12173.33,13,70,36,-157,3
10219.69,1,10219.69,1,9900,0,8553.95,-8,12173.33,13,71,35,-157,3
10219.69,1,9900,0,9900,0,8326.15,-10,12173.33,13,71,36,-156,3
10560,3,9900,0,9900,0,8553.95,-8,11726.79,10,71,36,-157,3
10219.69,1,10219.69,1,9900,0,8794.05,-7,12173.33,13,68,34,-156,3
10560,3,10219.69,1,9900,0,8326.15,-10,11726.79,10,71,35,-155,3
10923,5,11311.04,7,11726.79,10,9599.12,-2,11311.04,7,63,36,-159,3
10560,3,11311.04,7,11726.79,10,10219.69,1,11726.79,10,62,36,-159,3
10219.69,1,11726.79,10,12654.23,15,9599.12,-2,11311.04,7,65,35,-158,3
10923,5,11311.04,7,11726.79,10,9599.12,-2,11726.79,10,64,34,-158,3
10923,5,11726.79,10,12654.23,15,9599.12,-2,11311.04,7,63,35,-159,3
10923,5,12173.33,13,12654.23,15,9599.12,-2,11311.04,7,63,36,-157,3
10560,3,13736.25,22,13736.25,22,10219.69,1,11726.79,10,63,34,-160,3
10923,5,15015,30,14347.83,26,10219.69,1,12654.23,15,65,36,-157,3
11311.04,7,16549.5,39,17437.89,44,10219.69,1,14347.83,26,63,36,-159,3
11726.79,10,17437.89,44,16549.5,39,10560,3,16549.5,39,62,36,-160,3
12654.23,15,18425,50,20769.38,64,10923,5,20769.38,64,65,35,-159,3
14347.83,26,19528.23,57,23783.57,82,11726.79,10,20769.38,64,65,36,-160,3
15015,30,19528.23,57,27802.5,106,13736.25,22,22176,73,64,37,-160,3
15745.71,34,19528.23,57,27802.5,106,15015,30,23783.57,82,66,34,-158,3
17437.89,44,19528.23,57,27802.5,106,15745.71,34,23783.57,82,64,36,-158,3
18425,50,22176,73,33429,140,16549.5,39,23783.57,82,65,36,-161,3
19528.23,57,23783.57,82,30360,122,15745.71,34,27802.5,106,64,36,-158,3
20769.38,64,23783.57,82,27802.5,106,18425,50,25638.46,93,63,34,-159,3
23783.57,82,23783.57,82,30360,122,18425,50,23783.57,82,64,35,-161,4
23783.57,82,23783.57,82,27802.5,106,19528.23,57,25638.46,93,66,35,-159,3
22176,73,23783.57,82,27802.5,106,19528.23,57,25638.46,93,63,37,-159,3
25638.46,93,25638.46,93,27802.5,106,19528.23,57,25638.46,93,65,35,-158,3
27802.5,106,23783.57,82,25638.46,93,19528.23,57,22176,73,63,34,-158,3
25638.46,93,22176,73,25638.46,93,20769.38,64,22176,73,66,36,-160,3
25638.46,93,25638.46,93,22176,73,19528.23,57,20769.38,64,66,36,-159,3
27802.5,106,25638.46,93,20769.38,64,19528.23,57,17437.89,44,63,35,-160,3
25638.46,93,23783.57,82,17437.89,44,20769.38,64,16549.5,39,64,33,-156,3
25638.46,93,22176,73,15745.71,34,18425,50,14347.83,26,63,34,-161,3
27802.5,106,25638.46,93,14347.83,26,18425,50,13173.6,19,65,37,-158,3
27802.5,106,23783.57,82,13736.25,22,18425,50,11726.79,10,64,33,-159,3
27802.5,106,23783.57,82,13173.6,19,16549.5,39,10923,5,64,35,-160,3
27802.5,106,23783.57,82,12173.33,13,15745.71,34,10560,3,63,35,-159,3
27802.5,106,22176,73,11726.79,10,15745.71,34,9900,0,65,34,-158,3
25638.46,93,19528.23,57,11726.79,10,14347.83,26,9900,0,65,35,-159,3
25638.46,93,22176,73,11311.04,7,13736.25,22,9599.12,-2,63,34,-160,3
23783.57,82,20769.38,64,10560,3,12173.33,13,9599.12,-2,65,36,-159,3
22176,73,18425,50,10219.69,1,11311.04,7,9900,0,63,34,-160,3
17437.89,44,16549.5,39,10219.69,1,10923,5,9900,0,65,35,-160,3
16549.5,39,15015,30,10219.69,1,10923,5,9900,0,65,36,-158,3
15015,30,15015,30,10219.69,1,9900,0,9900,0,64,36,-159,3
16549.5,39,14347.83,26,9900,0,9599.12,-2,9599.12,-2,62,34,-159,3
16549.5,39,12654.23,15,10219.69,1,9047.5,-5,9900,0,64,36,-158,3
15015,30,12654.23,15,10560,3,8794.05,-7,9900,0,65,36,-160,3
14347.83,26,11726.79,10,9900,0,8794.05,-7,9599.12,-2,66,34,-161,3
13173.6,19,11311.04,7,9900,0,8326.15,-10,9900,0,64,36,-158,3
13736.25,22,11311.04,7,9900,0,7707.86,-13,9900,0,65,35,-159,3
12173.33,13,10923,5,9900,0,7707.86,-13,9599.12,-2,64,35,-159,3
12654.23,15,10560,3,9900,0,7520.93,-14,9599.12,-2,63,34,-157,3
12173.33,13,9900,0,9900,0,7342.5,-15,9599.12,-2,67,36,-159,3
12173.33,13,10219.69,1,9599.12,-2,6852.77,-18,9599.12,-2,65,35,-159,3
12173.33,13,10219.69,1,9599.12,-2,6852.77,-18,9900,0,66,36,-157,3
11726.79,10,10560,3,11311.04,7,10923,5,11311.04,7,63,36,-160,3
12173.33,13,10560,3,10923,5,10560,3,11726.79,10,64,36,-159,3
11726.79,10,10219.69,1,10923,5,10560,3,11311.04,7,63,35,-160,3
11311.04,7,10560,3,10923,5,10560,3,11726.79,10,63,34,-158,3
12173.33,13,10560,3,10560,3,10923,5,11311.04,7,65,36,-161,3
11726.79,10,10923,5,10923,5,10923,5,11311.04,7,65,36,-159,3
12173.33,13,11726.79,10,11726.79,10,12173.33,13,11726.79,10,64,33,-159,3
13173.6,19,13173.6,19,13173.6,19,12654.23,15,12654.23,15,65,34,-159,3
14347.83,26,15015,30,13736.25,22,15015,30,14347.83,26,62,36,-161,3
15745.71,34,15745.71,34,15015,30,18425,50,16549.5,39,63,35,-159,3
15745.71,34,17437.89,44,15745.71,34,19528.23,57,20769.38,64,62,34,-158,3
16549.5,39,20769.38,64,15745.71,34,20769.38,64,20769.38,64,66,35,-158,3
18425,50,23783.57,82,15015,30,22176,73,22176,73,65,36,-159,3
18425,50,25638.46,93,17437.89,44,22176,73,23783.57,82,65,35,-159,3
19528.23,57,25638.46,93,19528.23,57,23783.57,82,23783.57,82,65,35,-159,3
19528.23,57,25638.46,93,23783.57,82,23783.57,82,23783.57,82,64,34,-158,3
18425,50,25638.46,93,23783.57,82,25638.46,93,27802.5,106,64,34,-158,3
19528.23,57,27802.5,106,23783.57,82,23783.57,82,25638.46,93,64,35,-160,3
20769.38,64,30360,122,25638.46,93,23783.57,82,23783.57,82,64,36,-158,3
20769.38,64,27802.5,106,27802.5,106,23783.57,82,25638.46,93,66,36,-158,3
22176,73,30360,122,30360,122,23783.57,82,25638.46,93,64,35,-158,3
18425,50,25638.46,93,25638.46,93,23783.57,82,25638.46,93,63,35,-157,3
15745.71,34,25638.46,93,27802.5,106,23783.57,82,22176,73,65,36,-158,3
15745.71,34,25638.46,93,27802.5,106,23783.57,82,22176,73,65,37,-159,3
13736.25,22,27802.5,106,25638.46,93,22176,73,20769.38,64,64,37,-161,3
12654.23,15,27802.5,106,27802.5,106,22176,73,17437.89,44,64,35,-159,3
12173.33,13,27802.5,106,27802.5,106,19528.23,57,16549.5,39,66,36,-159,3
11726.79,10,23783.57,82,27802.5,106,15745.71,34,14347.83,26,64,35,-160,3
11311.04,7,22176,73,25638.46,93,14347.83,26,13173.6,19,65,36,-160,3
11311.04,7,19528.23,57,23783.57,82,13173.6,19,11726.79,10,64,36,-159,3
11311.04,7,17437.89,44,22176,73,12173.33,13,10923,5,64,37,-158,3
11311.04,7,15015,30,20769.38,64,11726.79,10,10560,3,64,33,-159,3
10923,5,13736.25,22,15745.71,34,11311.04,7,9900,0,66,35,-159,3
10923,5,13173.6,19,12654.23,15,10923,5,9900,0,65,36,-160,3
10560,3,12173.33,13,11311.04,7,9900,0,9599.12,-2,63,36,-158,3
10560,3,11311.04,7,10923,5,9900,0,9599.12,-2,65,35,-160,3
10560,3,10923,5,10219.69,1,9315.43,-4,9900,0,63,36,-158,3
10219.69,1,10560,3,10219.69,1,9315.43,-4,9900,0,65,35,-161,3
10560,3,10560,3,10219.69,1,8794.05,-7,9900,0,64,36,-159,3
10219.69,1,10219.69,1,9900,0,8553.95,-8,9900,0,64,37,-159,3
9900,0,10219.69,1,9599.12,-2,8794.05,-7,9599.12,-2,62,35,-160,3
10219.69,1,9900,0,9900,0,8326.15,-10,9900,0,62,34,-160,3
9900,0,9900,0,9599.12,-2,7008.91,-17,9900,0,63,36,-159,3
10560,3,9900,0,9900,0,8109.75,-11,9599.12,-2,63,37,-160,3
10219.69,1,9900,0,9599.12,-2,8109.75,-11,9900,0,64,36,-157,3
9900,0,9900,0,9599.12,-2,8109.75,-11,9900,0,64,37,-160,3
10219.69,1,9900,0,9900,0,8109.75,-11,9599.12,-2,65,38,-159,3
10219.69,1,9900,0,9315.43,-4,7903.9,-12,9599.12,-2,62,36,-162,3
10219.69,1,9599.12,-2,9599.12,-2,8326.15,-10,9599.12,-2,64,36,-160,3
9900,0,9900,0,9599.12,-2,8326.15,-10,9599.12,-2,63,35,-159,3
10219.69,1,9599.12,-2,9599.12,-2,8109.75,-11,9900,0,63,35,-160,3
10923,5,11311.04,7,10219.69,1,12173.33,13,11311.04,7,55,31,-100,0
10923,5,10923,5,9900,0,12173.33,13,11726.79,10,58,31,-98,0
10560,3,11726.79,10,9900,0,12173.33,13,11726.79,10,55,31,-99,0
10560,3,11311.04,7,9900,0,12654.23,15,11726.79,10,56,32,-101,1
10560,3,10923,5,9900,0,12654.23,15,11726.79,10,58,29,-101,1
11311.04,7,11311.04,7,9900,0,12173.33,13,11726.79,10,56,29,-101,1
12173.33,13,11311.04,7,10219.69,1,13736.25,22,12173.33,13,57,30,-99,1
14347.83,26,11311.04,7,9900,0,15745.71,34,16549.5,39,55,29,-99,1
15745.71,34,11311.04,7,10923,5,18425,50,23783.57,82,56,31,-101,1
16549.5,39,11311.04,7,12173.33,13,19528.23,57,33429,140,54,30,-99,1
19528.23,57,11311.04,7,13173.6,19,23783.57,82,33429,140,54,29,-102,1
18425,50,12654.23,15,13736.25,22,25638.46,93,41868.75,191,55,28,-100,1
22176,73,13173.6,19,15015,30,27802.5,106,41868.75,191,55,30,-100,1
22176,73,14347.83,26,17437.89,44,30360,122,47897.14,227,55,29,-101,1
25638.46,93,15015,30,20769.38,64,33429,140,55935,275,56,28,-100,2
27802.5,106,15745.71,34,25638.46,93,41868.75,191,47897.14,227,56,30,-101,2
30360,122,16549.5,39,25638.46,93,33429,140,47897.14,227,53,29,-102,2
30360,122,18425,50,27802.5,106,37180,163,41868.75,191,55,29,-101,2
30360,122,20769.38,64,27802.5,106,37180,163,47897.14,227,55,28,-103,2
30360,122,22176,73,33429,140,37180,163,41868.75,191,53,26,-101,2
33429,140,23783.57,82,30360,122,41868.75,191,47897.14,227,55,28,-102,2
30360,122,25638.46,93,33429,140,37180,163,41868.75,191,55,30,-104,2
30360,122,27802.5,106,37180,163,41868.75,191,41868.75,191,55,29,-104,2
33429,140,27802.5,106,37180,163,37180,163,41868.75,191,56,26,-104,2
30360,122,30360,122,33429,140,33429,140,41868.75,191,55,27,-104,2
33429,140,30360,122,37180,163,33429,140,41868.75,191,55,27,-104,2
30360,122,33429,140,47897.14,227,33429,140,41868.75,191,56,26,-106,2
30360,122,33429,140,41868.75,191,30360,122,47897.14,227,58,27,-103,2
23783.57,82,30360,122,41868.75,191,20769.38,64,37180,163,56,27,-103,2
20769.38,64,33429,140,41868.75,191,18425,50,41868.75,191,58,26,-105,2
18425,50,33429,140,37180,163,16549.5,39,37180,163,58,28,-101,2
16549.5,39,33429,140,33429,140,13173.6,19,20769.38,64,56,28,-103,2
15015,30,30360,122,30360,122,11726.79,10,17437.89,44,56,28,-104,2
15745.71,34,30360,122,20769.38,64,10923,5,15745.71,34,57,29,-102,2
14347.83,26,27802.5,106,19528.23,57,10560,3,14347.83,26,59,28,-103,2
12654.23,15,25638.46,93,13173.6,19,9900,0,12654.23,15,59,28,-103,1
11726.79,10,22176,73,11726.79,10,10219.69,1,12173.33,13,59,25,-104,1
11726.79,10,20769.38,64,10923,5,9900,0,11311.04,7,58,28,-104,1
11311.04,7,17437.89,44,10219.69,1,9599.12,-2,11726.79,10,59,25,-105,1
10560,3,16549.5,39,9900,0,9599.12,-2,11311.04,7,57,27,-105,1
10560,3,13173.6,19,9900,0,9599.12,-2,10923,5,59,25,-106,1
10560,3,11726.79,10,9900,0,9599.12,-2,10923,5,58,26,-106,1
10219.69,1,11726.79,10,9599.12,-2,9599.12,-2,10923,5,59,26,-102,1
10219.69,1,10923,5,9599.12,-2,9900,0,11311.04,7,59,27,-106,1
10219.69,1,10219.69,1,9599.12,-2,9599.12,-2,11726.79,10,58,26,-104,1
9900,0,9900,0,9599.12,-2,9599.12,-2,11726.79,10,58,26,-104,1
10560,3,9599.12,-2,9599.12,-2,9900,0,11311.04,7,56,24,-105,1
10219.69,1,9315.43,-4,9900,0,9599.12,-2,10923,5,59,27,-104,1
10219.69,1,9599.12,-2,9599.12,-2,9900,0,11311.04,7,58,25,-105,0
10219.69,1,9599.12,-2,9599.12,-2,9900,0,11726.79,10,57,26,-105,0
10219.69,1,9315.43,-4,9599.12,-2,9599.12,-2,11311.04,7,59,27,-104,0
9900,0,9599.12,-2,9599.12,-2,11726.79,10,11311.04,7,58,27,-103,0
10219.69,1,9900,0,9900,0,12173.33,13,10923,5,57,27,-103,0
10219.69,1,9599.12,-2,9900,0,12654.23,15,10923,5,57,27,-102,1
10219.69,1,9900,0,9599.12,-2,12173.33,13,11311.04,7,57,28,-103,1
10219.69,1,10219.69,1,9900,0,13173.6,19,11311.04,7,58,27,-103,1
10219.69,1,10923,5,9315.43,-4,14347.83,26,13173.6,19,58,25,-103,1
10219.69,1,12173.33,13,9315.43,-4,13736.25,22,17437.89,44,58,26,-103,1
11311.04,7,13736.25,22,9599.12,-2,14347.83,26,22176,73,57,27,-104,1
12173.33,13,16549.5,39,10219.69,1,15745.71,34,27802.5,106,57,26,-103,1
14347.83,26,17437.89,44,11311.04,7,17437.89,44,33429,140,57,26,-102,1
15745.71,34,19528.23,57,12654.23,15,18425,50,47897.14,227,57,28,-104,1
17437.89,44,22176,73,8553.95,-8,22176,73,55935,275,57,27,-104,1
17437.89,44,25638.46,93,9599.12,-2,20769.38,64,41868.75,191,59,25,-106,1
19528.23,57,27802.5,106,11311.04,7,22176,73,55935,275,59,24,-102,1
20769.38,64,27802.5,106,11311.04,7,23783.57,82,47897.14,227,58,27,-107,1
22176,73,30360,122,9900,0,25638.46,93,41868.75,191,58,27,-104,1
23783.57,82,33429,140,22176,73,25638.46,93,41868.75,191,57,23,-104,1
25638.46,93,33429,140,30360,122,27802.5,106,41868.75,191,61,25,-107,2
30360,122,33429,140,22176,73,30360,122,47897.14,227,61,26,-106,2
27802.5,106,37180,163,23783.57,82,27802.5,106,41868.75,191,62,26,-104,2
33429,140,37180,163,19528.23,57,33429,140,47897.14,227,61,24,-107,2
30360,122,30360,122,0.65,-60,33429,140,41868.75,191,59,26,-105,2
33429,140,33429,140,0.97,-60,41868.75,191,47897.14,227,61,27,-106,2
33429,140,33429,140,1.3,-59,37180,163,47897.14,227,60,24,-105,2
33429,140,30360,122,0.65,-60,37180,163,41868.75,191,60,24,-107,2
33429,140,30360,122,1.3,-59,41868.75,191,41868.75,191,61,22,-106,2
27802.5,106,30360,122,0.97,-60,41868.75,191,47897.14,227,62,23,-106,2
30360,122,27802.5,106,0.65,-60,37180,163,41868.75,191,60,25,-106,2
25638.46,93,23783.57,82,1.3,-59,37180,163,41868.75,191,62,26,-106,2
23783.57,82,23783.57,82,0,-60,41868.75,191,41868.75,191,62,26,-106,2
22176,73,17437.89,44,0.97,-60,41868.75,191,27802.5,106,61,26,-106,2
20769.38,64,13736.25,22,0.65,-60,41868.75,191,18425,50,61,26,-106,2
19528.23,57,12173.33,13,0.97,-60,37180,163,14347.83,26,60,25,-105,1
19528.23,57,11311.04,7,1.3,-59,37180,163,13736.25,22,62,27,-105,1
18425,50,10560,3,0.65,-60,37180,163,13173.6,19,62,24,-104,2
19528.23,57,10219.69,1,2.93,-59,37180,163,11726.79,10,61,26,-104,1
16549.5,39,10219.69,1,37180,163,30360,122,11726.79,10,61,28,-105,0
15745.71,34,9599.12,-2,23783.57,82,19528.23,57,11311.04,7,61,27,-107,0
15015,30,9599.12,-2,17437.89,44,15015,30,11311.04,7,59,26,-105,0
14347.83,26,9047.5,-5,15015,30,14347.83,26,11311.04,7,60,26,-104,0
13173.6,19,9315.43,-4,12173.33,13,13736.25,22,11311.04,7,60,24,-105,0
12173.33,13,9599.12,-2,11311.04,7,15015,30,11311.04,7,59,26,-106,0
12173.33,13,9315.43,-4,11311.04,7,13173.6,19,10923,5,58,25,-107,0
11311.04,7,9315.43,-4,10923,5,12173.33,13,11311.04,7,59,26,-107,0
10923,5,9315.43,-4,10923,5,11726.79,10,11311.04,7,59,24,-105,0
10560,3,9315.43,-4,10219.69,1,10923,5,10923,5,60,26,-107,0
10560,3,9047.5,-5,10219.69,1,10923,5,11726.79,10,61,26,-106,0
10219.69,1,9315.43,-4,10219.69,1,10560,3,10923,5,60,26,-107,0
9900,0,9047.5,-5,9900,0,10560,3,11311.04,7,60,24,-105,0
10219.69,1,9047.5,-5,9599.12,-2,10560,3,10923,5,62,24,-106,0
9900,0,9315.43,-4,9900,0,10219.69,1,11726.79,10,60,25,-106,0
10219.69,1,9599.12,-2,10560,3,9599.12,-2,11311.04,7,63,26,-103,0
10219.69,1,10219.69,1,10219.69,1,9599.12,-2,11726.79,10,63,27,-104,0
9900,0,9599.12,-2,10560,3,9900,0,12173.33,13,61,25,-104,0
9900,0,9599.12,-2,10219.69,1,9599.12,-2,11726.79,10,63,25,-106,0
10560,3,9900,0,10560,3,9599.12,-2,12654.23,15,64,25,-105,0
10219.69,1,10219.69,1,10923,5,9599.12,-2,15745.71,34,63,26,-106,0
11311.04,7,10560,3,11311.04,7,9900,0,27802.5,106,64,26,-107,0
12654.23,15,11726.79,10,11726.79,10,9599.12,-2,37180,163,66,27,-105,0
13736.25,22,12173.33,13,12654.23,15,9315.43,-4,47897.14,227,64,27,-104,0
15745.71,34,13173.6,19,13736.25,22,9900,0,47897.14,227,65,26,-107,0
16549.5,39,13736.25,22,15745.71,34,12173.33,13,47897.14,227,66,25,-105,1
16549.5,39,15015,30,15015,30,13173.6,19,47897.14,227,65,28,-104,1
18425,50,17437.89,44,7707.86,-13,15015,30,47897.14,227,65,26,-105,1
19528.23,57,18425,50,8326.15,-10,15015,30,47897.14,227,64,26,-104,1
20769.38,64,18425,50,10560,3,16549.5,39,47897.14,227,67,27,-105,1
22176,73,20769.38,64,15015,30,16549.5,39,41868.75,191,65,27,-105,1
23783.57,82,23783.57,82,16549.5,39,16549.5,39,55935,275,67,27,-106,1
27802.5,106,22176,73,18425,50,17437.89,44,47897.14,227,67,26,-105,1
27802.5,106,23783.57,82,20769.38,64,18425,50,47897.14,227,65,25,-105,1
27802.5,106,23783.57,82,20769.38,64,19528.23,57,55935,275,64,28,-107,1
30360,122,27802.5,106,16549.5,39,22176,73,47897.14,227,64,25,-106,1
27802.5,106,25638.46,93,17437.89,44,25638.46,93,55935,275,62,27,-106,1
30360,122,25638.46,93,16549.5,39,25638.46,93,47897.14,227,66,27,-106,2
30360,122,27802.5,106,17437.89,44,27802.5,106,47897.14,227,66,28,-105,2
33429,140,33429,140,17437.89,44,30360,122,55935,275,65,27,-106,2
30360,122,30360,122,17437.89,44,30360,122,41868.75,191,68,26,-106,2
30360,122,33429,140,19528.23,57,33429,140,41868.75,191,65,27,-105,2
30360,122,33429,140,17437.89,44,30360,122,27802.5,106,66,28,-104,2
27802.5,106,37180,163,17437.89,44,25638.46,93,22176,73,65,27,-106,2
25638.46,93,37180,163,18425,50,30360,122,19528.23,57,66,27,-105,2
20769.38,64,37180,163,18425,50,33429,140,15745.71,34,65,28,-103,2
22176,73,41868.75,191,37180,163,37180,163,15015,30,68,29,-105,2
19528.23,57,33429,140,33429,140,41868.75,191,12173.33,13,65,28,-104,2
20769.38,64,33429,140,27802.5,106,37180,163,12173.33,13,68,28,-104,2
17437.89,44,33429,140,25638.46,93,41868.75,191,12173.33,13,66,29,-104,2
18425,50,23783.57,82,17437.89,44,37180,163,11726.79,10,66,28,-105,2
17437.89,44,15745.71,34,15015,30,33429,140,11726.79,10,67,30,-105,2
16549.5,39,12173.33,13,12654.23,15,33429,140,11726.79,10,67,28,-104,1
15015,30,10923,5,11311.04,7,37180,163,11726.79,10,68,26,-105,1
15745.71,34,10219.69,1,10923,5,41868.75,191,11726.79,10,65,27,-106,1
14347.83,26,9900,0,10219.69,1,37180,163,11311.04,7,65,27,-104,1
13173.6,19,9599.12,-2,10219.69,1,33429,140,11726.79,10,65,28,-107,0
11726.79,10,9315.43,-4,9599.12,-2,33429,140,11726.79,10,66,26,-105,0
11311.04,7,9599.12,-2,9315.43,-4,23783.57,82,11726.79,10,65,26,-104,0
10219.69,1,9315.43,-4,9315.43,-4,19528.23,57,11726.79,10,67,26,-104,0
10219.69,1,9047.5,-5,7903.9,-12,14347.83,26,12173.33,13,66,28,-106,0
10560,3,9047.5,-5,4634.56,-32,13173.6,19,11726.79,10,66,28,-103,0
9900,0,9047.5,-5,9315.43,-4,12654.23,15,12173.33,13,69,27,-103,0
9900,0,9047.5,-5,9599.12,-2,11311.04,7,12173.33,13,66,29,-105,0
9900,0,9047.5,-5,9900,0,10923,5,11726.79,10,65,30,-105,0
10219.69,1,9315.43,-4,9315.43,-4,10560,3,11726.79,10,67,29,-105,0
10560,3,10219.69,1,10560,3,7342.5,-15,12173.33,13,64,29,-102,0
10219.69,1,10219.69,1,11311.04,7,7342.5,-15,12654.23,15,61,28,-102,0
10560,3,10219.69,1,11726.79,10,7172,-16,12654.23,15,63,29,-101,0
10219.69,1,10560,3,12654.23,15,7172,-16,11726.79,10,62,28,-103,0
10560,3,10219.69,1,13736.25,22,7342.5,-15,11726.79,10,62,28,-101,0
10560,3,10560,3,15015,30,7342.5,-15,12173.33,13,62,28,-101,0
10560,3,10923,5,16549.5,39,7342.5,-15,12654.23,15,62,29,-101,0
10923,5,11726.79,10,18425,50,7342.5,-15,12654.23,15,64,29,-103,0
11311.04,7,13173.6,19,20769.38,64,7342.5,-15,13173.6,19,64,26,-102,0
12173.33,13,15015,30,20769.38,64,7172,-16,13173.6,19,63,28,-103,0
12654.23,15,15015,30,20769.38,64,7520.93,-14,13736.25,22,61,29,-100,0
12654.23,15,17437.89,44,22176,73,7520.93,-14,15015,30,61,29,-99,0
14347.83,26,18425,50,23783.57,82,8326.15,-10,15745.71,34,61,27,-104,0
15015,30,18425,50,25638.46,93,9047.5,-5,19528.23,57,63,29,-101,0
15745.71,34,19528.23,57,25638.46,93,9315.43,-4,23783.57,82,61,27,-101,0
17437.89,44,19528.23,57,27802.5,106,10219.69,1,27802.5,106,63,26,-102,0
20769.38,64,20769.38,64,30360,122,10560,3,27802.5,106,63,28,-103,1
20769.38,64,22176,73,25638.46,93,11726.79,10,30360,122,63,27,-102,1
20769.38,64,22176,73,25638.46,93,12173.33,13,33429,140,62,28,-101,1
18425,50,23783.57,82,25638.46,93,13736.25,22,30360,122,61,27,-102,1
20769.38,64,25638.46,93,30360,122,14347.83,26,33429,140,61,27,-101,1
18425,50,23783.57,82,27802.5,106,15015,30,30360,122,60,28,-102,1
18425,50,27802.5,106,25638.46,93,17437.89,44,30360,122,63,26,-101,1
18425,50,25638.46,93,23783.57,82,18425,50,27802.5,106,62,29,-101,1
17437.89,44,27802.5,106,22176,73,19528.23,57,30360,122,62,28,-102,1
17437.89,44,25638.46,93,22176,73,19528.23,57,37180,163,59,26,-102,1
18425,50,25638.46,93,22176,73,19528.23,57,30360,122,60,29,-101,1
18425,50,25638.46,93,20769.38,64,19528.23,57,30360,122,62,29,-104,1
18425,50,27802.5,106,19528.23,57,19528.23,57,27802.5,106,62,28,-103,1
16549.5,39,25638.46,93,19528.23,57,18425,50,23783.57,82,62,27,-103,1
12654.23,15,23783.57,82,17437.89,44,18425,50,20769.38,64,61,26,-102,1
12173.33,13,22176,73,15015,30,17437.89,44,16549.5,39,60,27,-103,1
11311.04,7,22176,73,14347.83,26,16549.5,39,14347.83,26,61,27,-102,1
10560,3,20769.38,64,12654.23,15,15015,30,13736.25,22,59,28,-104,0
10219.69,1,19528.23,57,11726.79,10,12654.23,15,12654.23,15,60,27,-103,0
10219.69,1,17437.89,44,10560,3,13173.6,19,11726.79,10,62,27,-104,0
10219.69,1,16549.5,39,10560,3,12173.33,13,11726.79,10,61,28,-103,0
9900,0,15745.71,34,10219.69,1,10923,5,10923,5,62,27,-102,0
10219.69,1,13736.25,22,9900,0,10219.69,1,11311.04,7,62,29,-103,0
10219.69,1,12654.23,15,9599.12,-2,9315.43,-4,11311.04,7,59,29,-102,0
9900,0,12173.33,13,9599.12,-2,9047.5,-5,10560,3,63,29,-101,0
9900,0,11726.79,10,9900,0,8553.95,-8,10923,5,61,26,-102,0
9900,0,11311.04,7,9900,0,8326.15,-10,11311.04,7,61,26,-103,0
9900,0,10560,3,9900,0,8109.75,-11,11311.04,7,60,28,-102,0
10219.69,1,10219.69,1,9599.12,-2,8109.75,-11,11311.04,7,59,27,-101,0
10219.69,1,9599.12,-2,9599.12,-2,8109.75,-11,10923,5,65,28,-103,0
10219.69,1,9599.12,-2,9900,0,7520.93,-14,11311.04,7,61,27,-102,0
10219.69,1,9315.43,-4,9599.12,-2,7707.86,-13,10560,3,63,28,-102,0
9599.12,-2,9599.12,-2,10219.69,1,7172,-16,10923,5,61,28,-103,0
9900,0,9599.12,-2,9900,0,7008.91,-17,10923,5,61,28,-100,0
9900,0,9315.43,-4,9599.12,-2,7008.91,-17,11311.04,7,64,28,-104,0
10560,3,10219.69,1,9599.12,-2,9599.12,-2,10560,3,45,35,-95,0
10560,3,10219.69,1,9599.12,-2,9599.12,-2,11311.04,7,44,33,-96,0
10560,3,9900,0,9599.12,-2,9599.12,-2,10923,5,44,35,-97,0
10923,5,9900,0,9599.12,-2,9599.12,-2,10923,5,43,36,-95,0
11311.04,7,10219.69,1,9900,0,9900,0,10923,5,44,33,-97,0
10560,3,10219.69,1,9599.12,-2,9599.12,-2,10923,5,44,35,-96,0
11311.04,7,9900,0,9900,0,9900,0,13173.6,19,45,33,-96,0
11726.79,10,10219.69,1,9900,0,9900,0,14347.83,26,43,35,-96,0
12173.33,13,10923,5,9900,0,9900,0,15745.71,34,43,34,-95,0
12654.23,15,12173.33,13,10923,5,10923,5,15745.71,34,44,34,-94,0
13736.25,22,12654.23,15,12173.33,13,12173.33,13,17437.89,44,43,35,-97,1
13736.25,22,12654.23,15,13173.6,19,13173.6,19,18425,50,44,34,-97,1
13736.25,22,14347.83,26,13736.25,22,13736.25,22,20769.38,64,45,34,-98,1
15015,30,16549.5,39,15745.71,34,15745.71,34,20769.38,64,43,36,-95,1
15015,30,16549.5,39,16549.5,39,16549.5,39,19528.23,57,42,35,-96,1
16549.5,39,17437.89,44,17437.89,44,17437.89,44,20769.38,64,44,32,-95,1
17437.89,44,18425,50,20769.38,64,20769.38,64,19528.23,57,43,34,-95,1
17437.89,44,20769.38,64,23783.57,82,23783.57,82,23783.57,82,43,33,-97,1
20769.38,64,22176,73,22176,73,22176,73,25638.46,93,44,33,-98,1
20769.38,64,23783.57,82,25638.46,93,25638.46,93,25638.46,93,45,34,-97,1
22176,73,25638.46,93,23783.57,82,23783.57,82,27802.5,106,46,35,-97,1
22176,73,25638.46,93,25638.46,93,25638.46,93,25638.46,93,43,34,-96,1
20769.38,64,25638.46,93,25638.46,93,25638.46,93,27802.5,106,42,34,-98,1
23783.57,82,27802.5,106,25638.46,93,25638.46,93,27802.5,106,44,34,-96,1
23783.57,82,27802.5,106,23783.57,82,23783.57,82,27802.5,106,43,32,-96,1
23783.57,82,27802.5,106,23783.57,82,23783.57,82,27802.5,106,43,34,-96,1
23783.57,82,27802.5,106,27802.5,106,27802.5,106,27802.5,106,42,34,-97,1
25638.46,93,27802.5,106,25638.46,93,25638.46,93,30360,122,42,36,-98,1
25638.46,93,27802.5,106,27802.5,106,27802.5,106,25638.46,93,43,32,-97,1
22176,73,23783.57,82,25638.46,93,25638.46,93,27802.5,106,43,35,-97,1
23783.57,82,20769.38,64,23783.57,82,23783.57,82,27802.5,106,45,35,-96,1
25638.46,93,18425,50,25638.46,93,25638.46,93,27802.5,106,43,33,-96,1
27802.5,106,15015,30,23783.57,82,23783.57,82,27802.5,106,45,35,-97,1
23783.57,82,13736.25,22,22176,73,22176,73,27802.5,106,43,35,-98,1
23783.57,82,13173.6,19,20769.38,64,20769.38,64,27802.5,106,44,34,-97,1
22176,73,12654.23,15,17437.89,44,17437.89,44,25638.46,93,45,33,-98,1
19528.23,57,12173.33,13,16549.5,39,16549.5,39,25638.46,93,44,33,-97,1
17437.89,44,11726.79,10,15745.71,34,15745.71,34,23783.57,82,45,32,-98,1
16549.5,39,10560,3,16549.5,39,16549.5,39,20769.38,64,45,33,-97,1
15745.71,34,10219.69,1,14347.83,26,14347.83,26,19528.23,57,45,31,-96,1
14347.83,26,9900,0,14347.83,26,14347.83,26,18425,50,45,34,-97,1
15015,30,9315.43,-4,13736.25,22,13736.25,22,17437.89,44,44,32,-98,1
13173.6,19,9315.43,-4,13173.6,19,13173.6,19,16549.5,39,45,34,-97,1
13173.6,19,9315.43,-4,12173.33,13,12173.33,13,16549.5,39,45,34,-97,0
12173.33,13,9047.5,-5,11311.04,7,11311.04,7,15015,30,43,34,-96,0
12173.33,13,9315.43,-4,10560,3,10560,3,15015,30,44,33,-98,0
11726.79,10,9315.43,-4,10560,3,10560,3,13736.25,22,44,34,-96,0
11311.04,7,9047.5,-5,9599.12,-2,9599.12,-2,13173.6,19,44,35,-97,0
10923,5,9315.43,-4,9900,0,9900,0,12654.23,15,44,34,-99,0
10560,3,9315.43,-4,9900,0,9900,0,11726.79,10,42,33,-98,0
10560,3,9047.5,-5,9900,0,9900,0,11311.04,7,44,34,-98,0
10923,5,9900,0,9900,0,9900,0,11311.04,7,45,31,-96,0
10560,3,9599.12,-2,9599.12,-2,9599.12,-2,11726.79,10,45,33,-96,0
10560,3,9900,0,9315.43,-4,9315.43,-4,10923,5,44,34,-96,0
10560,3,9599.12,-2,9900,0,9900,0,11311.04,7,45,32,-96,0
10923,5,9599.12,-2,9599.12,-2,9599.12,-2,10923,5,47,31,-98,0
10923,5,10219.69,1,9599.12,-2,9599.12,-2,11311.04,7,47,33,-98,0
11311.04,7,9599.12,-2,9599.12,-2,9599.12,-2,10923,5,45,31,-99,0
13736.25,22,9900,0,10560,3,10560,3,10923,5,44,31,-99,0
13736.25,22,9599.12,-2,13173.6,19,13173.6,19,10923,5,44,32,-99,1
15015,30,10560,3,16549.5,39,16549.5,39,10923,5,43,32,-97,1
15745.71,34,10923,5,18425,50,18425,50,10923,5,43,32,-98,1
17437.89,44,12173.33,13,19528.23,57,19528.23,57,10923,5,45,31,-101,1
17437.89,44,13736.25,22,22176,73,22176,73,11311.04,7,44,33,-97,1
19528.23,57,14347.83,26,23783.57,82,23783.57,82,11311.04,7,44,33,-98,1
18425,50,15015,30,23783.57,82,23783.57,82,11726.79,10,44,30,-98,1
19528.23,57,15745.71,34,23783.57,82,23783.57,82,15745.71,34,43,31,-100,1
19528.23,57,16549.5,39,25638.46,93,25638.46,93,18425,50,42,32,-97,1
20769.38,64,17437.89,44,23783.57,82,23783.57,82,19528.23,57,43,32,-99,1
20769.38,64,18425,50,25638.46,93,25638.46,93,20769.38,64,44,33,-100,1
19528.23,57,20769.38,64,25638.46,93,25638.46,93,22176,73,43,32,-98,1
19528.23,57,20769.38,64,27802.5,106,27802.5,106,23783.57,82,43,34,-99,1
18425,50,22176,73,25638.46,93,25638.46,93,25638.46,93,41,32,-99,1
18425,50,25638.46,93,25638.46,93,25638.46,93,23783.57,82,43,32,-101,1
18425,50,23783.57,82,25638.46,93,25638.46,93,25638.46,93,44,31,-99,1
17437.89,44,23783.57,82,25638.46,93,25638.46,93,27802.5,106,44,32,-99,1
15015,30,25638.46,93,27802.5,106,27802.5,106,27802.5,106,42,31,-101,1
15015,30,23783.57,82,27802.5,106,27802.5,106,25638.46,93,41,30,-100,1
13736.25,22,22176,73,27802.5,106,27802.5,106,23783.57,82,44,32,-99,1
12654.23,15,19528.23,57,25638.46,93,25638.46,93,23783.57,82,41,30,-100,1
11726.79,10,18425,50,25638.46,93,25638.46,93,25638.46,93,42,31,-102,1
11311.04,7,17437.89,44,16549.5,39,16549.5,39,25638.46,93,41,33,-100,1
11311.04,7,15745.71,34,12654.23,15,12654.23,15,23783.57,82,43,34,-99,1
10923,5,14347.83,26,12173.33,13,12173.33,13,25638.46,93,43,31,-98,1
10923,5,14347.83,26,11311.04,7,11311.04,7,23783.57,82,43,31,-98,1
10560,3,13173.6,19,10560,3,10560,3,23783.57,82,43,33,-99,1
10560,3,12173.33,13,9599.12,-2,9599.12,-2,25638.46,93,42,31,-99,0
10560,3,12173.33,13,9900,0,9900,0,25638.46,93,43,31,-99,0
10219.69,1,11311.04,7,9900,0,9900,0,23783.57,82,42,31,-99,0
10923,5,10560,3,9599.12,-2,9599.12,-2,20769.38,64,41,32,-100,0
10219.69,1,9315.43,-4,10219.69,1,10219.69,1,16549.5,39,43,30,-98,0
10219.69,1,9599.12,-2,9900,0,9900,0,15745.71,34,42,32,-99,0
10219.69,1,9900,0,9900,0,9900,0,14347.83,26,39,33,-98,0
10560,3,9900,0,9900,0,9900,0,13736.25,22,40,31,-98,0
10219.69,1,9315.43,-4,9599.12,-2,9599.12,-2,12654.23,15,43,32,-97,0
10219.69,1,9599.12,-2,9599.12,-2,9599.12,-2,12173.33,13,43,33,-99,0
10560,3,9315.43,-4,9900,0,9900,0,11311.04,7,43,33,-99,0
10219.69,1,9315.43,-4,9599.12,-2,9599.12,-2,11311.04,7,43,32,-100,0
10560,3,9315.43,-4,9900,0,9900,0,11311.04,7,42,31,-99,0
10219.69,1,9047.5,-5,9900,0,9900,0,11311.04,7,43,31,-102,0
10219.69,1,9315.43,-4,9599.12,-2,9599.12,-2,10560,3,41,32,-100,0
9900,0,9047.5,-5,9599.12,-2,9599.12,-2,10923,5,42,32,-100,0
12654.23,15,12173.33,13,11311.04,7,11311.04,7,12654.23,15,-40,32,-61,0
12654.23,15,12173.33,13,11726.79,10,10923,5,12654.23,15,-43,33,-65,0
12173.33,13,12173.33,13,11311.04,7,11726.79,10,13173.6,19,-42,34,-66,0
12654.23,15,11726.79,10,11726.79,10,11726.79,10,12654.23,15,-43,33,-66,0
12173.33,13,12654.23,15,11311.04,7,11311.04,7,13173.6,19,-43,35,-64,0
12654.23,15,12654.23,15,11726.79,10,11311.04,7,12654.23,15,-43,32,-64,0
12173.33,13,12173.33,13,11311.04,7,11311.04,7,12654.23,15,-43,32,-66,0
12173.33,13,13173.6,19,11726.79,10,11311.04,7,13173.6,19,-42,34,-67,0
12173.33,13,14347.83,26,11726.79,10,11311.04,7,13173.6,19,-41,33,-66,0
12654.23,15,14347.83,26,11311.04,7,11311.04,7,13736.25,22,-42,34,-65,0
13736.25,22,16549.5,39,11311.04,7,11311.04,7,13736.25,22,-41,34,-67,1
15015,30,19528.23,57,11726.79,10,11311.04,7,13736.25,22,-42,34,-63,1
15745.71,34,25638.46,93,11311.04,7,11311.04,7,14347.83,26,-41,32,-64,1
17437.89,44,33429,140,12173.33,13,11726.79,10,14347.83,26,-41,33,-65,1
20769.38,64,33429,140,11726.79,10,11311.04,7,14347.83,26,-41,32,-62,1
22176,73,41868.75,191,12173.33,13,11311.04,7,13736.25,22,-39,34,-62,2
25638.46,93,41868.75,191,16549.5,39,11311.04,7,13736.25,22,-40,34,-60,2
27802.5,106,41868.75,191,25638.46,93,11726.79,10,15015,30,-37,35,-58,2
27802.5,106,37180,163,37180,163,11311.04,7,14347.83,26,-36,37,-55,2
30360,122,41868.75,191,47897.14,227,11311.04,7,14347.83,26,-31,33,-51,2
25638.46,93,37180,163,41868.75,191,11726.79,10,14347.83,26,-24,29,-44,2
27802.5,106,37180,163,41868.75,191,11311.04,7,13736.25,22,-14,27,-39,2
25638.46,93,33429,140,47897.14,227,11726.79,10,13736.25,22,-14,29,-39,2
27802.5,106,33429,140,47897.14,227,10923,5,13736.25,22,-15,30,-40,2
27802.5,106,41868.75,191,37180,163,11726.79,10,12654.23,15,-20,32,-43,2
27802.5,106,41868.75,191,41868.75,191,11311.04,7,12173.33,13,-22,31,-44,2
25638.46,93,41868.75,191,37180,163,11726.79,10,12654.23,15,-23,33,-46,2
27802.5,106,30360,122,37180,163,12173.33,13,12654.23,15,-25,32,-46,2
30360,122,27802.5,106,41868.75,191,13736.25,22,12654.23,15,-27,32,-47,2
27802.5,106,22176,73,41868.75,191,20769.38,64,11726.79,10,-25,32,-46,2
25638.46,93,17437.89,44,37180,163,37180,163,12173.33,13,-28,32,-46,2
27802.5,106,13736.25,22,41868.75,191,47897.14,227,12173.33,13,-27,30,-49,2
30360,122,12654.23,15,41868.75,191,47897.14,227,12654.23,15,-29,28,-51,2
27802.5,106,11726.79,10,41868.75,191,55935,275,12173.33,13,-31,32,-50,2
27802.5,106,10560,3,37180,163,47897.14,227,12173.33,13,-30,29,-50,2
22176,73,10560,3,30360,122,47897.14,227,12654.23,15,-33,30,-54,2
22176,73,10560,3,20769.38,64,41868.75,191,12173.33,13,-37,32,-58,1
18425,50,10219.69,1,14347.83,26,41868.75,191,12173.33,13,-37,31,-61,1
16549.5,39,10560,3,10923,5,47897.14,227,12173.33,13,-41,32,-61,1
15015,30,10560,3,10560,3,47897.14,227,12173.33,13,-41,32,-63,1
15745.71,34,9900,0,10219.69,1,41868.75,191,12654.23,15,-42,31,-66,1
14347.83,26,10560,3,10219.69,1,47897.14,227,12173.33,13,-42,30,-65,1
14347.83,26,9900,0,10560,3,47897.14,227,12654.23,15,-43,31,-67,1
13173.6,19,10560,3,10560,3,41868.75,191,12173.33,13,-41,29,-66,0
12654.23,15,10560,3,10560,3,41868.75,191,11726.79,10,-43,29,-67,0
13173.6,19,10560,3,10560,3,41868.75,191,12173.33,13,-43,30,-66,0
13173.6,19,10560,3,10560,3,41868.75,191,12173.33,13,-42,30,-68,0
12173.33,13,10560,3,10923,5,33429,140,12173.33,13,-45,29,-67,0
12173.33,13,10560,3,10923,5,27802.5,106,11311.04,7,-44,30,-68,0
12173.33,13,10923,5,10923,5,19528.23,57,12173.33,13,-44,31,-67,0
11726.79,10,10560,3,10923,5,15015,30,12173.33,13,-42,30,-69,0
12173.33,13,17437.89,44,12654.23,15,11311.04,7,11311.04,7,9,203,603,0
13173.6,19,20769.38,64,12173.33,13,10923,5,10923,5,-57,53,-71,1
12654.23,15,22176,73,12654.23,15,11311.04,7,10923,5,-57,54,-69,1
13173.6,19,23783.57,82,12654.23,15,11311.04,7,11311.04,7,-57,51,-71,1
13173.6,19,27802.5,106,12173.33,13,11311.04,7,11311.04,7,-56,52,-69,1
13736.25,22,27802.5,106,12654.23,15,11311.04,7,13173.6,19,-56,53,-71,1
13736.25,22,25638.46,93,12654.23,15,10923,5,17437.89,44,-56,56,-70,1
16549.5,39,30360,122,12173.33,13,11311.04,7,22176,73,-55,52,-69,1
19528.23,57,33429,140,12654.23,15,11311.04,7,27802.5,106,-55,53,-66,1
22176,73,33429,140,11726.79,10,11311.04,7,33429,140,-52,53,-64,1
25638.46,93,41868.75,191,12173.33,13,11311.04,7,47897.14,227,-50,50,-60,1
27802.5,106,41868.75,191,12654.23,15,11726.79,10,55935,275,-48,50,-57,1
30360,122,37180,163,12173.33,13,11311.04,7,41868.75,191,-46,49,-54,1
30360,122,41868.75,191,12173.33,13,11726.79,10,55935,275,-43,43,-49,1
30360,122,37180,163,12654.23,15,10923,5,47897.14,227,-40,42,-48,1
33429,140,37180,163,13736.25,22,11311.04,7,41868.75,191,-39,42,-47,1
27802.5,106,37180,163,14347.83,26,12173.33,13,41868.75,191,-41,41,-49,1
27802.5,106,37180,163,17437.89,44,15745.71,34,41868.75,191,-43,43,-54,1
30360,122,33429,140,22176,73,22176,73,47897.14,227,-46,45,-54,1
27802.5,106,33429,140,33429,140,33429,140,41868.75,191,-47,45,-56,2
30360,122,37180,163,37180,163,37180,163,47897.14,227,-50,47,-58,2
30360,122,37180,163,41868.75,191,41868.75,191,41868.75,191,-49,46,-57,2
30360,122,37180,163,47897.14,227,55935,275,47897.14,227,-49,47,-58,2
30360,122,37180,163,41868.75,191,55935,275,47897.14,227,-47,45,-60,2
30360,122,33429,140,41868.75,191,47897.14,227,41868.75,191,-50,46,-60,2
25638.46,93,41868.75,191,41868.75,191,55935,275,41868.75,191,-49,45,-59,2
27802.5,106,37180,163,41868.75,191,47897.14,227,47897.14,227,-48,47,-60,2
25638.46,93,27802.5,106,37180,163,37180,163,41868.75,191,-49,45,-59,2
27802.5,106,27802.5,106,41868.75,191,47897.14,227,41868.75,191,-49,45,-57,2
25638.46,93,22176,73,41868.75,191,47897.14,227,41868.75,191,-47,44,-57,2
22176,73,17437.89,44,47897.14,227,37180,163,27802.5,106,-47,45,-57,2
19528.23,57,15015,30,47897.14,227,47897.14,227,18425,50,-46,44,-58,2
16549.5,39,14347.83,26,41868.75,191,47897.14,227,14347.83,26,-47,45,-61,2
16549.5,39,13736.25,22,41868.75,191,47897.14,227,13736.25,22,-49,45,-62,2
15015,30,12654.23,15,41868.75,191,47897.14,227,13173.6,19,-49,45,-64,2
13736.25,22,11726.79,10,41868.75,191,33429,140,11726.79,10,-50,46,-64,2
13736.25,22,10560,3,41868.75,191,27802.5,106,11726.79,10,-51,44,-67,2
12654.23,15,10923,5,41868.75,191,22176,73,11311.04,7,-53,44,-66,1
12173.33,13,10219.69,1,37180,163,17437.89,44,11311.04,7,-52,42,-70,1
12173.33,13,10219.69,1,33429,140,13173.6,19,11311.04,7,-51,42,-68,1
12654.23,15,10560,3,22176,73,12173.33,13,11311.04,7,-52,42,-70,1
12654.23,15,10219.69,1,12654.23,15,10923,5,11311.04,7,-51,43,-71,1
11726.79,10,10219.69,1,10560,3,10560,3,10923,5,-52,44,-72,1
11726.79,10,10560,3,10560,3,10923,5,11311.04,7,-52,45,-71,1
12173.33,13,10219.69,1,10923,5,10923,5,11311.04,7,-50,44,-72,1
11311.04,7,10560,3,10560,3,10560,3,10923,5,-52,44,-70,1
11726.79,10,10560,3,10923,5,10560,3,11726.79,10,-52,42,-71,1
11311.04,7,10219.69,1,10560,3,10923,5,10923,5,-53,42,-70,1
11726.79,10,9900,0,10560,3,10560,3,11311.04,7,-50,43,-73,0
11311.04,7,10560,3,10923,5,10923,5,10923,5,-51,43,-69,0
11311.04,7,9900,0,11311.04,7,10219.69,1,11726.79,10,-52,41,-71,0
12654.23,15,12173.33,13,11726.79,10,10923,5,11311.04,7,-44,33,-61,0
12173.33,13,12654.23,15,12173.33,13,10923,5,11726.79,10,-43,32,-63,1
12654.23,15,11726.79,10,11726.79,10,11311.04,7,12173.33,13,-46,33,-62,1
12654.23,15,12173.33,13,11726.79,10,11311.04,7,11726.79,10,-45,33,-62,1
12654.23,15,12173.33,13,11726.79,10,11311.04,7,12654.23,15,-44,34,-62,1
11726.79,10,12654.23,15,12173.33,13,11311.04,7,15745.71,34,-44,34,-61,1
11726.79,10,13736.25,22,12173.33,13,11311.04,7,27802.5,106,-42,33,-61,1
12173.33,13,14347.83,26,11726.79,10,11311.04,7,37180,163,-42,33,-57,1
11726.79,10,19528.23,57,11726.79,10,11311.04,7,47897.14,227,-42,32,-59,1
11311.04,7,27802.5,106,12173.33,13,11726.79,10,47897.14,227,-39,31,-58,1
11726.79,10,33429,140,11726.79,10,11311.04,7,47897.14,227,-40,31,-57,1
13736.25,22,41868.75,191,12173.33,13,11311.04,7,47897.14,227,-40,29,-58,1
15745.71,34,41868.75,191,11726.79,10,11311.04,7,47897.14,227,-41,30,-58,1
17437.89,44,37180,163,11726.79,10,11726.79,10,47897.14,227,-41,30,-60,1
18425,50,41868.75,191,11726.79,10,11726.79,10,47897.14,227,-40,30,-59,1
20769.38,64,41868.75,191,15015,30,11311.04,7,41868.75,191,-40,31,-58,1
23783.57,82,37180,163,19528.23,57,11726.79,10,55935,275,-41,26,-57,1
27802.5,106,37180,163,30360,122,10923,5,47897.14,227,-41,29,-58,1
30360,122,37180,163,41868.75,191,11726.79,10,47897.14,227,-39,30,-56,1
27802.5,106,37180,163,41868.75,191,10923,5,55935,275,-37,30,-55,2
27802.5,106,37180,163,47897.14,227,11726.79,10,47897.14,227,-39,30,-54,2
27802.5,106,41868.75,191,47897.14,227,11311.04,7,55935,275,-39,28,-54,2
27802.5,106,37180,163,47897.14,227,11311.04,7,47897.14,227,-37,29,-53,2
30360,122,33429,140,47897.14,227,11726.79,10,47897.14,227,-39,26,-54,2
27802.5,106,27802.5,106,47897.14,227,12173.33,13,55935,275,-40,29,-56,2
30360,122,17437.89,44,55935,275,12654.23,15,41868.75,191,-42,32,-57,2
27802.5,106,13173.6,19,41868.75,191,15015,30,41868.75,191,-42,32,-59,2
27802.5,106,11726.79,10,41868.75,191,22176,73,27802.5,106,-44,31,-59,2
30360,122,10923,5,41868.75,191,37180,163,22176,73,-42,32,-60,2
25638.46,93,10560,3,41868.75,191,47897.14,227,19528.23,57,-43,31,-60,2
27802.5,106,10923,5,41868.75,191,41868.75,191,15745.71,34,-43,31,-59,2
27802.5,106,10560,3,41868.75,191,55935,275,15015,30,-43,29,-58,2
27802.5,106,10219.69,1,37180,163,41868.75,191,12173.33,13,-42,31,-59,1
27802.5,106,10219.69,1,47897.14,227,47897.14,227,12173.33,13,-42,30,-60,1
23783.57,82,10560,3,37180,163,41868.75,191,12173.33,13,-42,31,-58,1
22176,73,10560,3,27802.5,106,47897.14,227,11726.79,10,-40,31,-57,1
16549.5,39,10560,3,18425,50,41868.75,191,11726.79,10,-43,31,-61,1
15015,30,10219.69,1,12173.33,13,47897.14,227,11726.79,10,-41,30,-59,1
14347.83,26,10560,3,10923,5,47897.14,227,11726.79,10,-43,30,-59,1
13736.25,22,10219.69,1,10560,3,47897.14,227,11726.79,10,-43,30,-62,0
13173.6,19,10219.69,1,10560,3,41868.75,191,11311.04,7,-44,30,-63,0
13173.6,19,10219.69,1,10923,5,41868.75,191,11726.79,10,-45,30,-64,0
13173.6,19,10560,3,10560,3,41868.75,191,11726.79,10,-43,31,-62,0
12654.23,15,10219.69,1,10923,5,41868.75,191,11726.79,10,-46,31,-66,0
13173.6,19,10560,3,10560,3,47897.14,227,11726.79,10,-45,31,-66,0
12654.23,15,10923,5,10923,5,47897.14,227,12173.33,13,-44,29,-67,0
12654.23,15,10560,3,10923,5,37180,163,11726.79,10,-45,31,-65,0
12654.23,15,10560,3,10923,5,33429,140,12173.33,13,-44,31,-65,0
12173.33,13,10560,3,11311.04,7,23783.57,82,12173.33,13,-45,30,-64,0
12654.23,15,10923,5,10923,5,18425,50,11726.79,10,-44,28,-64,0
12173.33,13,11726.79,10,11311.04,7,14347.83,26,11726.79,10,-47,29,-65,0
11726.79,10,13173.6,19,11311.04,7,11311.04,7,10923,5,-22,93,-81,0
11311.04,7,13173.6,19,11311.04,7,11311.04,7,11311.04,7,-21,90,-74,0
11726.79,10,13173.6,19,11311.04,7,11311.04,7,10923,5,-22,91,-75,0
11311.04,7,13173.6,19,11311.04,7,10923,5,10923,5,-22,91,-76,0
11311.04,7,13173.6,19,11726.79,10,11311.04,7,10560,3,-20,92,-76,0
11726.79,10,13173.6,19,10923,5,11311.04,7,10923,5,-22,90,-76,0
13173.6,19,13173.6,19,11726.79,10,11311.04,7,10923,5,-21,92,-76,1
15745.71,34,13173.6,19,11311.04,7,11311.04,7,11311.04,7,-21,89,-75,1
18425,50,13173.6,19,10923,5,10923,5,13173.6,19,-20,91,-77,1
22176,73,13736.25,22,11311.04,7,11311.04,7,14347.83,26,-19,91,-79,1
22176,73,13173.6,19,11726.79,10,10923,5,15745.71,34,-22,92,-78,1
22176,73,15745.71,34,12173.33,13,11311.04,7,15015,30,-20,89,-76,1
25638.46,93,16549.5,39,11311.04,7,10923,5,16549.5,39,-23,92,-76,1
27802.5,106,18425,50,11311.04,7,11311.04,7,17437.89,44,-21,92,-78,1
27802.5,106,20769.38,64,11726.79,10,10923,5,20769.38,64,-24,89,-76,1
27802.5,106,23783.57,82,11726.79,10,12173.33,13,19528.23,57,-22,91,-77,1
25638.46,93,27802.5,106,13173.6,19,12654.23,15,23783.57,82,-22,90,-78,1
25638.46,93,27802.5,106,15015,30,15015,30,25638.46,93,-21,92,-79,1
27802.5,106,27802.5,106,16549.5,39,16549.5,39,25638.46,93,-21,90,-78,1
25638.46,93,33429,140,19528.23,57,18425,50,25638.46,93,-23,89,-80,1
25638.46,93,33429,140,22176,73,19528.23,57,23783.57,82,-24,92,-77,1
27802.5,106,30360,122,20769.38,64,22176,73,23783.57,82,-21,92,-78,1
27802.5,106,30360,122,23783.57,82,25638.46,93,25638.46,93,-21,91,-78,1
25638.46,93,30360,122,23783.57,82,27802.5,106,23783.57,82,-24,92,-80,1
25638.46,93,30360,122,25638.46,93,25638.46,93,23783.57,82,-23,92,-78,1
25638.46,93,27802.5,106,25638.46,93,27802.5,106,27802.5,106,-22,91,-79,1
25638.46,93,30360,122,23783.57,82,27802.5,106,22176,73,-22,92,-77,1
22176,73,25638.46,93,27802.5,106,27802.5,106,20769.38,64,-22,91,-77,1
18425,50,22176,73,25638.46,93,30360,122,19528.23,57,-20,92,-77,1
16549.5,39,18425,50,23783.57,82,27802.5,106,17437.89,44,-22,91,-76,1
14347.83,26,13736.25,22,23783.57,82,25638.46,93,16549.5,39,-24,91,-78,1
13173.6,19,12654.23,15,25638.46,93,27802.5,106,15745.71,34,-22,90,-77,1
12173.33,13,12173.33,13,22176,73,27802.5,106,14347.83,26,-22,90,-77,0
12173.33,13,11726.79,10,20769.38,64,27802.5,106,13173.6,19,-22,90,-77,0
12173.33,13,11311.04,7,15745.71,34,25638.46,93,13736.25,22,-25,89,-76,0
10923,5,10923,5,14347.83,26,25638.46,93,12173.33,13,-24,92,-77,0
10560,3,10560,3,12654.23,15,27802.5,106,12173.33,13,-20,91,-78,0
11311.04,7,10923,5,12173.33,13,25638.46,93,12654.23,15,-19,95,-81,0
10923,5,11311.04,7,11311.04,7,20769.38,64,11726.79,10,-21,93,-84,0
10923,5,11726.79,10,10923,5,14347.83,26,11311.04,7,-20,94,-84,0
10923,5,10923,5,10923,5,13173.6,19,11726.79,10,-19,94,-86,0
10923,5,11311.04,7,10923,5,10560,3,10923,5,-19,92,-86,0
10560,3,12173.33,13,10923,5,10560,3,10923,5,-21,94,-86,0
10923,5,12654.23,15,10923,5,10560,3,11311.04,7,-20,95,-85,0
10923,5,12654.23,15,10923,5,10923,5,11726.79,10,-21,94,-85,0
11311.04,7,12173.33,13,11311.04,7,10560,3,11311.04,7,-21,94,-86,0
10923,5,12173.33,13,11311.04,7,10560,3,11726.79,10,-22,92,-85,0
10923,5,11726.79,10,10923,5,10923,5,10923,5,-20,92,-86,0
11311.04,7,12173.33,13,11726.79,10,10923,5,10923,5,-22,93,-89,0
10923,5,12654.23,15,11726.79,10,10923,5,11311.04,7,-23,94,-86,0
10560,3,12173.33,13,12173.33,13,11311.04,7,10923,5,-21,93,-87,0
11726.79,10,11726.79,10,11726.79,10,11311.04,7,10923,5,-16,96,-99,0
10923,5,12173.33,13,11311.04,7,11726.79,10,10923,5,-15,94,-97,0
11311.04,7,11726.79,10,10923,5,11311.04,7,10923,5,-14,97,-98,0
10923,5,12173.33,13,10923,5,11726.79,10,10923,5,-14,95,-97,0
11311.04,7,11726.79,10,10923,5,11311.04,7,11311.04,7,-16,96,-97,0
11311.04,7,12173.33,13,11311.04,7,11311.04,7,11311.04,7,-15,95,-98,0
11726.79,10,12654.23,15,10923,5,11311.04,7,12173.33,13,-15,95,-97,0
10923,5,12173.33,13,11726.79,10,11311.04,7,14347.83,26,-16,96,-98,0
11726.79,10,12654.23,15,11311.04,7,11726.79,10,15745.71,34,-15,96,-97,0
12654.23,15,13736.25,22,11311.04,7,11726.79,10,17437.89,44,-15,95,-97,0
14347.83,26,14347.83,26,11311.04,7,11311.04,7,18425,50,-15,97,-96,1
16549.5,39,16549.5,39,10923,5,11726.79,10,22176,73,-14,96,-95,1
19528.23,57,20769.38,64,11311.04,7,11726.79,10,23783.57,82,-13,95,-94,1
22176,73,23783.57,82,11726.79,10,12173.33,13,22176,73,-13,95,-92,1
23783.57,82,27802.5,106,10923,5,16549.5,39,23783.57,82,-13,95,-93,1
25638.46,93,30360,122,11311.04,7,19528.23,57,25638.46,93,-11,97,-92,1
25638.46,93,33429,140,11726.79,10,23783.57,82,23783.57,82,-12,95,-91,1
25638.46,93,33429,140,13173.6,19,27802.5,106,23783.57,82,-11,97,-91,1
25638.46,93,33429,140,18425,50,27802.5,106,22176,73,-13,96,-89,1
25638.46,93,33429,140,22176,73,27802.5,106,22176,73,-13,97,-89,1
23783.57,82,37180,163,30360,122,27802.5,106,22176,73,-11,94,-88,1
25638.46,93,37180,163,27802.5,106,23783.57,82,20769.38,64,-14,97,-92,1
23783.57,82,37180,163,25638.46,93,25638.46,93,20769.38,64,-12,95,-89,1
25638.46,93,37180,163,25638.46,93,25638.46,93,20769.38,64,-12,96,-91,1
23783.57,82,33429,140,25638.46,93,23783.57,82,18425,50,-12,96,-91,1
20769.38,64,37180,163,25638.46,93,23783.57,82,19528.23,57,-13,94,-92,1
17437.89,44,33429,140,25638.46,93,22176,73,17437.89,44,-13,95,-92,1
16549.5,39,30360,122,25638.46,93,23783.57,82,18425,50,-12,97,-93,1
15015,30,37180,163,25638.46,93,23783.57,82,15745.71,34,-14,97,-94,1
13736.25,22,30360,122,25638.46,93,22176,73,14347.83,26,-15,95,-93,1
13173.6,19,33429,140,25638.46,93,15745.71,34,14347.83,26,-15,95,-91,1
12654.23,15,27802.5,106,23783.57,82,12654.23,15,14347.83,26,-15,94,-92,1
11726.79,10,27802.5,106,23783.57,82,10923,5,14347.83,26,-14,95,-95,1
10923,5,25638.46,93,25638.46,93,10923,5,13173.6,19,-13,97,-93,0
10923,5,23783.57,82,25638.46,93,10923,5,12173.33,13,-15,96,-94,0
10560,3,19528.23,57,25638.46,93,10923,5,12654.23,15,-14,97,-93,0
10560,3,17437.89,44,27802.5,106,10923,5,12173.33,13,-13,97,-94,0
10923,5,15745.71,34,25638.46,93,10560,3,11726.79,10,-12,97,-94,0
10560,3,15745.71,34,17437.89,44,10923,5,11311.04,7,-14,96,-95,0
10923,5,14347.83,26,11726.79,10,10923,5,10923,5,-13,98,-95,0
9900,0,13173.6,19,10923,5,10923,5,11311.04,7,-13,98,-95,0
10219.69,1,12654.23,15,10219.69,1,10923,5,10923,5,-14,98,-98,0
10219.69,1,11726.79,10,10560,3,10923,5,10923,5,-13,97,-98,0
10560,3,10923,5,10923,5,10923,5,11311.04,7,-13,98,-99,0
10560,3,10560,3,10923,5,10560,3,10923,5,-12,96,-100,0
10560,3,10219.69,1,10923,5,10923,5,10923,5,-14,97,-99,0
10560,3,10560,3,10923,5,11311.04,7,10923,5,-15,98,-98,0
10560,3,10219.69,1,10560,3,11726.79,10,11311.04,7,-13,98,-100,0
10560,3,10219.69,1,11311.04,7,11311.04,7,10923,5,-13,97,-98,0
10560,3,9900,0,10923,5,11311.04,7,11311.04,7,-13,97,-97,0
10560,3,10219.69,1,10923,5,11311.04,7,10923,5,-13,97,-99,0
10923,5,10219.69,1,10923,5,10560,3,11311.04,7,-30,81,-82,1
10923,5,10923,5,10219.69,1,10219.69,1,11311.04,7,-29,82,-83,1
10560,3,10560,3,10923,5,10560,3,10923,5,-28,82,-82,1
10923,5,10560,3,10923,5,10560,3,10923,5,-29,80,-80,1
11311.04,7,10219.69,1,10560,3,10219.69,1,11311.04,7,-29,80,-82,1
10923,5,10560,3,10560,3,10560,3,11311.04,7,-29,82,-82,1
10923,5,11311.04,7,11726.79,10,10923,5,10923,5,-31,83,-81,1
10923,5,12173.33,13,11311.04,7,10923,5,11311.04,7,-30,80,-83,1
12654.23,15,13173.6,19,11726.79,10,11726.79,10,11311.04,7,-29,81,-82,1
14347.83,26,15015,30,12654.23,15,12654.23,15,11726.79,10,-29,81,-82,1
13736.25,22,14347.83,26,12654.23,15,11726.79,10,11311.04,7,-29,82,-81,1
15745.71,34,14347.83,26,12654.23,15,12654.23,15,11726.79,10,-29,81,-83,1
16549.5,39,13736.25,22,13173.6,19,11726.79,10,12173.33,13,-28,82,-81,1
17437.89,44,15015,30,12654.23,15,11726.79,10,12173.33,13,-31,83,-82,1
16549.5,39,15015,30,13173.6,19,11726.79,10,12654.23,15,-30,80,-81,1
17437.89,44,14347.83,26,12654.23,15,11726.79,10,13173.6,19,-30,82,-79,1
18425,50,15015,30,12654.23,15,11726.79,10,13173.6,19,-30,80,-81,1
17437.89,44,15015,30,12654.23,15,11726.79,10,13736.25,22,-30,81,-80,1
17437.89,44,15015,30,12173.33,13,11311.04,7,13173.6,19,-33,81,-81,1
17437.89,44,15015,30,12173.33,13,11726.79,10,13736.25,22,-29,81,-82,1
16549.5,39,15015,30,11726.79,10,11311.04,7,13736.25,22,-30,82,-83,1
16549.5,39,15015,30,12654.23,15,11311.04,7,13173.6,19,-31,81,-82,1
18425,50,15015,30,12654.23,15,11726.79,10,14347.83,26,-32,80,-81,1
16549.5,39,16549.5,39,12654.23,15,11311.04,7,15015,30,-31,82,-84,1
15745.71,34,15745.71,34,12173.33,13,10923,5,13736.25,22,-31,81,-83,1
15745.71,34,15015,30,12173.33,13,10923,5,15015,30,-33,81,-84,1
15745.71,34,15015,30,12173.33,13,10923,5,14347.83,26,-30,79,-83,1
15745.71,34,15015,30,11726.79,10,10923,5,14347.83,26,-29,81,-84,1
15745.71,34,15745.71,34,11726.79,10,10923,5,14347.83,26,-32,82,-82,1
15745.71,34,15015,30,10923,5,10219.69,1,14347.83,26,-30,81,-83,1
15745.71,34,14347.83,26,11311.04,7,10219.69,1,14347.83,26,-29,80,-82,1
15015,30,15015,30,10560,3,10219.69,1,13736.25,22,-30,82,-83,1
13736.25,22,14347.83,26,10923,5,10219.69,1,15015,30,-31,80,-82,1
13173.6,19,13736.25,22,10560,3,10560,3,12654.23,15,-31,81,-82,1
13173.6,19,13173.6,19,10923,5,10560,3,13173.6,19,-30,83,-84,1
12654.23,15,12654.23,15,10219.69,1,10219.69,1,12173.33,13,-28,81,-84,1
13173.6,19,12173.33,13,10923,5,10923,5,12173.33,13,-30,83,-84,1
12654.23,15,12173.33,13,11311.04,7,10219.69,1,11726.79,10,-31,83,-84,1
12173.33,13,12173.33,13,10560,3,10219.69,1,12173.33,13,-31,81,-84,1
11726.79,10,12173.33,13,10923,5,10560,3,11726.79,10,-30,81,-85,1
11311.04,7,12173.33,13,10923,5,10560,3,11726.79,10,-31,84,-82,1
11311.04,7,11311.04,7,10923,5,10219.69,1,11311.04,7,-30,80,-83,1
11726.79,10,10560,3,11311.04,7,10560,3,11311.04,7,-31,81,-86,1
11726.79,10,10923,5,10560,3,10923,5,11311.04,7,-30,82,-83,1
11311.04,7,10923,5,11311.04,7,10560,3,11726.79,10,-31,81,-83,1
11726.79,10,10560,3,11726.79,10,10219.69,1,11726.79,10,-32,82,-85,1
11726.79,10,10560,3,11311.04,7,10560,3,10923,5,-32,82,-82,1
11311.04,7,10923,5,10923,5,10560,3,11311.04,7,-31,80,-83,1
11311.04,7,10560,3,10923,5,10923,5,11311.04,7,-31,83,-84,1
10923,5,10560,3,11311.04,7,10219.69,1,11311.04,7,-31,79,-84,1
11311.04,7,10560,3,11726.79,10,10560,3,11311.04,7,-32,82,-85,1