time,resistance_thumb,bend_thumb,resistance_index,bend_index,resistance_mid,bend_mid,resistance_ring,bend_ring,resistance_little,bend_little,x,y,z,stage
11:46:47.163 ,11311.04,7,13173.6,19,14347.83,26,12173.33,13,12173.33,13,66,50,-119,0
11:46:47.257 ,10923,5,13173.6,19,13736.25,22,11726.79,10,12654.23,15,65,47,-119,0
11:46:47.397 ,10923,5,13173.6,19,14347.83,26,11311.04,7,12173.33,13,67,50,-122,0
11:46:47.491 ,11311.04,7,13173.6,19,14347.83,26,11311.04,7,12654.23,15,66,50,-120,0
11:46:47.584 ,10923,5,12654.23,15,13736.25,22,11311.04,7,12173.33,13,63,50,-122,0
11:46:47.679 ,11311.04,7,13173.6,19,14347.83,26,11311.04,7,12173.33,13,66,48,-119,0
11:46:47.820 ,10923,5,15745.71,34,14347.83,26,10923,5,12173.33,13,65,51,-121,0
11:46:47.919 ,11311.04,7,16549.5,39,14347.83,26,11311.04,7,12173.33,13,65,50,-121,0
11:46:48.005 ,11311.04,7,18425,50,14347.83,26,11311.04,7,11311.04,7,66,50,-122,0
11:46:48.099 ,11726.79,10,20769.38,64,14347.83,26,11726.79,10,12173.33,13,65,50,-120,3
11:46:48.233 ,14347.83,26,23783.57,82,14347.83,26,11726.79,10,11726.79,10,66,50,-121,3
11:46:48.329 ,17437.89,44,30360,122,13173.6,19,13173.6,19,11726.79,10,67,50,-118,3
11:46:48.427 ,20769.38,64,33429,140,14347.83,26,18425,50,12173.33,13,66,49,-121,3
11:46:48.515 ,23783.57,82,33429,140,14347.83,26,25638.46,93,12173.33,13,66,50,-120,3
11:46:48.655 ,27802.5,106,37180,163,13736.25,22,33429,140,11311.04,7,66,49,-123,3
11:46:48.747 ,30360,122,37180,163,14347.83,26,37180,163,11726.79,10,65,50,-123,3
11:46:48.843 ,30360,122,37180,163,15015,30,37180,163,14347.83,26,66,48,-121,3
11:46:48.938 ,27802.5,106,33429,140,15745.71,34,47897.14,227,18425,50,65,49,-119,4
11:46:49.074 ,33429,140,41868.75,191,18425,50,41868.75,191,23783.57,82,67,47,-120,4
11:46:49.169 ,33429,140,41868.75,191,22176,73,41868.75,191,30360,122,66,48,-118,4
11:46:49.262 ,33429,140,41868.75,191,25638.46,93,41868.75,191,33429,140,64,47,-117,4
11:46:49.354 ,33429,140,41868.75,191,33429,140,47897.14,227,41868.75,191,66,48,-119,4
11:46:49.493 ,33429,140,41868.75,191,37180,163,37180,163,41868.75,191,68,48,-119,4
11:46:49.587 ,30360,122,41868.75,191,41868.75,191,41868.75,191,37180,163,66,49,-118,4
11:46:49.681 ,30360,122,47897.14,227,41868.75,191,41868.75,191,37180,163,65,47,-116,4
11:46:49.774 ,33429,140,47897.14,227,41868.75,191,41868.75,191,47897.14,227,67,49,-118,4
11:46:49.915 ,30360,122,41868.75,191,41868.75,191,37180,163,47897.14,227,66,49,-119,4
11:46:50.010 ,33429,140,30360,122,47897.14,227,41868.75,191,47897.14,227,66,48,-119,4
11:46:50.105 ,27802.5,106,20769.38,64,47897.14,227,37180,163,37180,163,67,49,-118,4
11:46:50.196 ,27802.5,106,17437.89,44,41868.75,191,37180,163,47897.14,227,66,47,-117,4
11:46:50.334 ,27802.5,106,15015,30,41868.75,191,23783.57,82,47897.14,227,67,47,-116,4
11:46:50.428 ,22176,73,13173.6,19,41868.75,191,17437.89,44,41868.75,191,65,45,-119,4
11:46:50.524 ,17437.89,44,12173.33,13,41868.75,191,14347.83,26,41868.75,191,65,48,-119,4
11:46:50.616 ,15745.71,34,11726.79,10,41868.75,191,12173.33,13,41868.75,191,67,49,-116,3
11:46:50.757 ,13736.25,22,11726.79,10,41868.75,191,11726.79,10,41868.75,191,68,47,-118,3
11:46:50.852 ,13173.6,19,10923,5,41868.75,191,11726.79,10,41868.75,191,66,48,-117,3
11:46:50.946 ,12173.33,13,11311.04,7,47897.14,227,11726.79,10,41868.75,191,66,48,-120,3
11:46:51.040 ,10923,5,10923,5,47897.14,227,11311.04,7,37180,163,65,48,-118,3
11:46:51.180 ,10560,3,11311.04,7,41868.75,191,11726.79,10,25638.46,93,66,50,-117,3
11:46:51.280 ,10923,5,10560,3,37180,163,11726.79,10,16549.5,39,64,49,-120,3
11:46:51.417 ,10560,3,11311.04,7,37180,163,11726.79,10,13736.25,22,66,49,-118,3
11:46:51.467 ,9900,0,10923,5,25638.46,93,11726.79,10,12173.33,13,67,47,-122,3
11:46:51.555 ,10219.69,1,10923,5,23783.57,82,11726.79,10,11311.04,7,65,48,-121,3
11:46:51.697 ,9900,0,11311.04,7,17437.89,44,12173.33,13,10560,3,65,51,-120,3
11:46:51.815 ,9900,0,10923,5,15745.71,34,11726.79,10,10560,3,68,50,-119,3
11:46:51.880 ,9900,0,11311.04,7,13736.25,22,11726.79,10,10560,3,67,48,-118,3
11:46:51.974 ,9900,0,11311.04,7,12173.33,13,11726.79,10,10560,3,64,46,-119,3
11:46:52.113 ,9900,0,10923,5,11726.79,10,12173.33,13,10560,3,68,47,-117,3
11:46:52.217 ,9900,0,11311.04,7,11726.79,10,12173.33,13,10219.69,1,67,50,-118,3
11:46:52.299 ,9900,0,11311.04,7,11726.79,10,12173.33,13,10560,3,67,48,-118,3
11:46:52.394 ,9599.12,-2,10923,5,12173.33,13,12173.33,13,10560,3,67,49,-121,3
11:47:23.543 ,12654.23,15,12654.23,15,13173.6,19,12654.23,15,10923,5,68,42,-81,3
11:47:23.637 ,12173.33,13,13736.25,22,13736.25,22,12654.23,15,10560,3,80,59,-111,3
11:47:23.731 ,12654.23,15,12654.23,15,13736.25,22,13173.6,19,10560,3,81,63,-110,3
11:47:23.872 ,13173.6,19,12654.23,15,14347.83,26,12654.23,15,10560,3,81,63,-108,3
11:47:23.966 ,13173.6,19,13736.25,22,13736.25,22,12654.23,15,10560,3,79,61,-110,3
11:47:24.060 ,14347.83,26,18425,50,14347.83,26,13173.6,19,10560,3,79,64,-108,3
11:47:24.151 ,16549.5,39,20769.38,64,14347.83,26,13173.6,19,10560,3,82,62,-108,3
11:47:24.293 ,18425,50,23783.57,82,13736.25,22,12654.23,15,10923,5,81,62,-109,3
11:47:24.388 ,20769.38,64,27802.5,106,14347.83,26,13173.6,19,10560,3,82,62,-109,3
11:47:24.480 ,22176,73,30360,122,13736.25,22,13173.6,19,10560,3,79,61,-110,3
11:47:24.574 ,23783.57,82,27802.5,106,13736.25,22,12173.33,13,10560,3,82,62,-109,3
11:47:24.715 ,25638.46,93,30360,122,13736.25,22,13173.6,19,10560,3,79,59,-112,3
11:47:24.808 ,27802.5,106,37180,163,13736.25,22,12654.23,15,11311.04,7,80,61,-112,3
11:47:24.902 ,27802.5,106,37180,163,13173.6,19,12654.23,15,10560,3,80,60,-112,3
11:47:24.996 ,30360,122,37180,163,13736.25,22,12654.23,15,10560,3,80,60,-112,3
11:47:25.136 ,33429,140,33429,140,14347.83,26,12654.23,15,13736.25,22,79,59,-111,3
11:47:25.226 ,33429,140,33429,140,13736.25,22,13173.6,19,19528.23,57,80,61,-107,3
11:47:25.319 ,33429,140,37180,163,15015,30,13173.6,19,27802.5,106,80,60,-108,3
11:47:25.413 ,30360,122,41868.75,191,20769.38,64,12654.23,15,41868.75,191,81,61,-108,3
11:47:25.552 ,33429,140,37180,163,27802.5,106,12654.23,15,41868.75,191,81,62,-109,4
11:47:25.645 ,33429,140,37180,163,33429,140,13173.6,19,41868.75,191,79,61,-108,4
11:47:25.739 ,37180,163,37180,163,41868.75,191,12654.23,15,47897.14,227,80,61,-104,4
11:47:25.831 ,37180,163,47897.14,227,41868.75,191,12654.23,15,47897.14,227,81,61,-106,4
11:47:25.973 ,30360,122,41868.75,191,55935,275,13173.6,19,55935,275,80,61,-107,4
11:47:26.064 ,37180,163,37180,163,41868.75,191,13173.6,19,41868.75,191,79,61,-107,4
11:47:26.156 ,33429,140,37180,163,41868.75,191,13173.6,19,41868.75,191,79,60,-106,4
11:47:26.249 ,33429,140,41868.75,191,41868.75,191,12654.23,15,55935,275,81,61,-108,4
11:47:26.389 ,27802.5,106,33429,140,41868.75,191,16549.5,39,47897.14,227,81,62,-105,4
11:47:26.483 ,22176,73,37180,163,41868.75,191,23783.57,82,47897.14,227,81,60,-105,4
11:47:26.575 ,20769.38,64,33429,140,41868.75,191,33429,140,41868.75,191,80,62,-104,4
11:47:26.714 ,19528.23,57,33429,140,47897.14,227,37180,163,41868.75,191,81,61,-102,4
11:47:26.807 ,17437.89,44,33429,140,41868.75,191,41868.75,191,41868.75,191,83,62,-103,4
11:47:26.900 ,17437.89,44,41868.75,191,37180,163,41868.75,191,47897.14,227,82,62,-101,4
11:47:26.994 ,16549.5,39,37180,163,41868.75,191,41868.75,191,47897.14,227,82,61,-101,4
11:47:27.132 ,15745.71,34,30360,122,37180,163,41868.75,191,41868.75,191,80,60,-102,4
11:47:27.225 ,15745.71,34,22176,73,25638.46,93,41868.75,191,47897.14,227,81,62,-101,4
11:47:27.319 ,15015,30,20769.38,64,15745.71,34,41868.75,191,41868.75,191,82,62,-101,4
11:47:27.412 ,14347.83,26,17437.89,44,11726.79,10,37180,163,37180,163,82,62,-99,4
11:47:27.579 ,13736.25,22,16549.5,39,12173.33,13,37180,163,30360,122,80,61,-99,4
11:47:27.616 ,13736.25,22,15745.71,34,12173.33,13,41868.75,191,15745.71,34,78,62,-99,3
11:47:27.756 ,13173.6,19,15745.71,34,12173.33,13,41868.75,191,10923,5,82,62,-99,3
11:47:27.849 ,13736.25,22,14347.83,26,12173.33,13,41868.75,191,10219.69,1,83,61,-100,3
11:47:27.944 ,12654.23,15,13736.25,22,12173.33,13,27802.5,106,10219.69,1,83,61,-101,3
11:47:28.038 ,12654.23,15,12173.33,13,12173.33,13,18425,50,10560,3,84,61,-103,3
11:47:28.178 ,13173.6,19,12173.33,13,12654.23,15,15015,30,10219.69,1,82,62,-101,3
11:47:28.270 ,13173.6,19,10923,5,12173.33,13,12654.23,15,10219.69,1,83,60,-100,3
11:47:28.362 ,12654.23,15,10923,5,12173.33,13,11311.04,7,10560,3,83,60,-105,3
11:47:28.456 ,12654.23,15,10923,5,12654.23,15,11726.79,10,10219.69,1,81,60,-104,3
11:47:28.596 ,13736.25,22,10219.69,1,12654.23,15,11726.79,10,10560,3,80,60,-106,3
11:47:28.689 ,13736.25,22,10560,3,13173.6,19,11311.04,7,10560,3,83,61,-104,3
11:47:28.783 ,13173.6,19,10560,3,12654.23,15,11726.79,10,10560,3,82,60,-102,3
11:47:53.573 ,10560,3,13736.25,22,15015,30,12654.23,15,11311.04,7,86,61,-63,3
11:47:53.667 ,10219.69,1,13736.25,22,15015,30,12654.23,15,10560,3,68,62,-119,3
11:47:53.806 ,10923,5,13736.25,22,15015,30,12654.23,15,10560,3,67,63,-116,3
11:47:53.898 ,10560,3,13736.25,22,15015,30,12173.33,13,10219.69,1,68,62,-118,3
11:47:53.992 ,10560,3,13736.25,22,15015,30,12654.23,15,10560,3,67,63,-116,3
11:47:54.086 ,10219.69,1,13736.25,22,14347.83,26,13173.6,19,10923,5,69,63,-117,3
11:47:54.225 ,10560,3,13736.25,22,13736.25,22,12173.33,13,10923,5,69,63,-117,3
11:47:54.318 ,10219.69,1,15015,30,13736.25,22,12654.23,15,10923,5,71,65,-118,3
11:47:54.412 ,10560,3,18425,50,13736.25,22,13173.6,19,10560,3,67,63,-118,3
11:47:54.506 ,11726.79,10,20769.38,64,13173.6,19,13173.6,19,10923,5,69,63,-118,3
11:47:54.643 ,15015,30,23783.57,82,13173.6,19,13173.6,19,12654.23,15,69,62,-118,3
11:47:54.736 ,18425,50,27802.5,106,13736.25,22,12654.23,15,18425,50,68,61,-118,4
11:47:54.830 ,22176,73,33429,140,13736.25,22,12654.23,15,27802.5,106,68,64,-118,4
11:47:54.922 ,22176,73,33429,140,13736.25,22,12654.23,15,37180,163,71,61,-117,4
11:47:55.062 ,23783.57,82,33429,140,15015,30,13173.6,19,41868.75,191,70,62,-118,4
11:47:55.155 ,25638.46,93,37180,163,15745.71,34,12654.23,15,47897.14,227,69,61,-119,4
11:47:55.250 ,27802.5,106,37180,163,22176,73,12654.23,15,47897.14,227,67,62,-121,4
11:47:55.342 ,33429,140,41868.75,191,30360,122,13736.25,22,55935,275,69,60,-118,4
11:47:55.484 ,33429,140,47897.14,227,33429,140,12654.23,15,41868.75,191,68,62,-119,4
11:47:55.579 ,33429,140,41868.75,191,41868.75,191,12654.23,15,47897.14,227,68,59,-117,4
11:47:55.671 ,33429,140,41868.75,191,41868.75,191,13173.6,19,47897.14,227,68,60,-117,4
11:47:55.765 ,30360,122,41868.75,191,41868.75,191,12654.23,15,47897.14,227,69,60,-114,4
11:47:55.904 ,30360,122,41868.75,191,47897.14,227,13173.6,19,41868.75,191,70,60,-114,4
11:47:55.997 ,25638.46,93,41868.75,191,55935,275,12654.23,15,47897.14,227,70,62,-115,4
11:47:56.090 ,27802.5,106,47897.14,227,47897.14,227,13173.6,19,41868.75,191,69,62,-116,4
11:47:56.184 ,27802.5,106,47897.14,227,41868.75,191,22176,73,41868.75,191,69,61,-116,4
11:47:56.323 ,23783.57,82,41868.75,191,47897.14,227,33429,140,47897.14,227,71,59,-117,4
11:47:56.415 ,22176,73,41868.75,191,47897.14,227,41868.75,191,47897.14,227,69,62,-117,4
11:47:56.507 ,18425,50,37180,163,47897.14,227,41868.75,191,41868.75,191,68,61,-118,4
11:47:56.600 ,15015,30,37180,163,41868.75,191,47897.14,227,41868.75,191,69,60,-116,4
11:47:56.741 ,12654.23,15,41868.75,191,41868.75,191,41868.75,191,47897.14,227,71,63,-116,4
11:47:56.832 ,11726.79,10,41868.75,191,37180,163,41868.75,191,37180,163,68,61,-117,3
11:47:56.925 ,12173.33,13,37180,163,41868.75,191,41868.75,191,41868.75,191,70,61,-113,3
11:47:57.018 ,11311.04,7,33429,140,37180,163,41868.75,191,41868.75,191,70,61,-114,3
11:47:57.159 ,10923,5,27802.5,106,30360,122,41868.75,191,37180,163,69,63,-115,3
11:47:57.253 ,9900,0,25638.46,93,22176,73,41868.75,191,25638.46,93,68,61,-114,3
11:47:57.345 ,9900,0,19528.23,57,15745.71,34,41868.75,191,16549.5,39,70,63,-114,3
11:47:57.438 ,9900,0,16549.5,39,13173.6,19,41868.75,191,12654.23,15,70,62,-117,3
11:47:57.578 ,10219.69,1,15745.71,34,12654.23,15,41868.75,191,10560,3,68,61,-114,3
11:47:57.673 ,10219.69,1,13736.25,22,12173.33,13,33429,140,10219.69,1,69,65,-116,3
11:47:57.770 ,10219.69,1,12173.33,13,12173.33,13,27802.5,106,10560,3,69,62,-114,3
11:47:57.857 ,9900,0,11311.04,7,12654.23,15,20769.38,64,10560,3,69,61,-114,3
11:47:57.996 ,10219.69,1,10923,5,12654.23,15,15745.71,34,10923,5,70,63,-113,3
11:47:58.096 ,10219.69,1,10923,5,12173.33,13,13736.25,22,10923,5,70,61,-115,3
11:47:58.180 ,10219.69,1,10219.69,1,12654.23,15,12173.33,13,10219.69,1,71,62,-116,3
11:47:58.319 ,10219.69,1,10219.69,1,12654.23,15,11311.04,7,10560,3,70,62,-112,3
11:47:58.414 ,10219.69,1,10923,5,12173.33,13,11726.79,10,10923,5,70,62,-114,3
11:47:58.507 ,10219.69,1,10923,5,13173.6,19,11726.79,10,10219.69,1,67,61,-113,3
11:47:58.602 ,9900,0,10560,3,12654.23,15,11726.79,10,10560,3,70,61,-115,3
11:47:58.696 ,9900,0,10923,5,13173.6,19,12173.33,13,10560,3,69,62,-113,3
11:47:58.835 ,10219.69,1,10560,3,13736.25,22,11311.04,7,10923,5,70,62,-115,3
11:49:39.055 ,12173.33,13,12654.23,15,13736.25,22,13736.25,22,10923,5,67,40,-119,3
11:49:39.147 ,12173.33,13,13173.6,19,13173.6,19,13173.6,19,10923,5,63,36,-125,3
11:49:39.242 ,12654.23,15,13173.6,19,13736.25,22,12654.23,15,10923,5,62,38,-125,3
11:49:39.381 ,12173.33,13,13173.6,19,13736.25,22,13173.6,19,10923,5,63,38,-124,3
11:49:39.475 ,12173.33,13,12173.33,13,13736.25,22,13173.6,19,11311.04,7,63,37,-124,3
11:49:39.566 ,12654.23,15,13173.6,19,13173.6,19,13173.6,19,11311.04,7,63,36,-125,3
11:49:39.661 ,12173.33,13,13736.25,22,13173.6,19,13173.6,19,11311.04,7,64,38,-124,3
11:49:39.800 ,14347.83,26,15015,30,13736.25,22,12173.33,13,10923,5,65,39,-122,3
11:49:39.893 ,15745.71,34,17437.89,44,12654.23,15,13173.6,19,10923,5,64,40,-123,3
11:49:39.988 ,18425,50,25638.46,93,13736.25,22,12654.23,15,11311.04,7,60,38,-123,3
11:49:40.081 ,19528.23,57,30360,122,13173.6,19,12654.23,15,11311.04,7,66,39,-123,3
11:49:40.225 ,23783.57,82,33429,140,13736.25,22,12654.23,15,10923,5,65,37,-122,3
11:49:40.317 ,25638.46,93,30360,122,12654.23,15,12654.23,15,11726.79,10,64,38,-120,3
11:49:40.411 ,25638.46,93,33429,140,15015,30,14347.83,26,15015,30,63,38,-121,3
11:49:40.504 ,25638.46,93,30360,122,17437.89,44,15745.71,34,15745.71,34,65,39,-121,3
11:49:40.646 ,23783.57,82,27802.5,106,20769.38,64,20769.38,64,18425,50,64,39,-119,3
11:49:40.740 ,23783.57,82,23783.57,82,25638.46,93,23783.57,82,18425,50,65,38,-119,3
11:49:40.834 ,25638.46,93,19528.23,57,27802.5,106,25638.46,93,18425,50,66,38,-120,3
11:49:40.929 ,23783.57,82,17437.89,44,33429,140,30360,122,19528.23,57,64,37,-119,3
11:49:41.021 ,22176,73,14347.83,26,30360,122,27802.5,106,18425,50,65,37,-119,3
11:49:41.161 ,22176,73,15015,30,33429,140,25638.46,93,18425,50,66,38,-119,3
11:49:41.254 ,17437.89,44,13736.25,22,30360,122,27802.5,106,18425,50,65,37,-121,3
11:49:41.348 ,16549.5,39,11726.79,10,27802.5,106,23783.57,82,19528.23,57,63,37,-124,3
11:49:41.441 ,14347.83,26,11311.04,7,30360,122,25638.46,93,16549.5,39,63,38,-119,3
11:49:41.582 ,13173.6,19,10923,5,27802.5,106,25638.46,93,17437.89,44,64,38,-122,3
11:49:41.675 ,12654.23,15,10923,5,30360,122,25638.46,93,18425,50,62,39,-123,3
11:49:41.769 ,13173.6,19,10560,3,27802.5,106,25638.46,93,18425,50,64,38,-122,3
11:49:41.867 ,13173.6,19,10560,3,25638.46,93,25638.46,93,16549.5,39,64,38,-121,3
11:49:42.002 ,12654.23,15,10219.69,1,25638.46,93,25638.46,93,17437.89,44,65,39,-121,3
11:49:42.097 ,11726.79,10,10923,5,16549.5,39,25638.46,93,18425,50,62,38,-122,3
11:49:42.195 ,11726.79,10,10560,3,13736.25,22,22176,73,17437.89,44,65,37,-123,3
11:49:42.292 ,11311.04,7,10560,3,13173.6,19,20769.38,64,18425,50,64,37,-122,3
11:49:42.420 ,10560,3,10219.69,1,13173.6,19,14347.83,26,16549.5,39,63,39,-121,3
11:49:42.514 ,10219.69,1,10560,3,12173.33,13,12173.33,13,13736.25,22,62,38,-118,3
11:49:42.607 ,9599.12,-2,10219.69,1,12654.23,15,11726.79,10,11726.79,10,67,38,-116,3
11:49:42.702 ,9900,0,10560,3,12173.33,13,11726.79,10,11311.04,7,66,39,-116,3
11:49:42.842 ,9900,0,10560,3,12654.23,15,11726.79,10,10923,5,63,38,-116,3
11:49:42.935 ,9900,0,10219.69,1,12654.23,15,12173.33,13,11311.04,7,65,39,-116,3
11:49:43.030 ,9900,0,10219.69,1,12173.33,13,11726.79,10,11311.04,7,66,39,-115,3
11:49:43.125 ,9599.12,-2,10560,3,12654.23,15,12173.33,13,11726.79,10,66,38,-116,3
11:49:43.264 ,9599.12,-2,10560,3,13173.6,19,11726.79,10,11311.04,7,65,38,-116,3
11:49:43.360 ,9900,0,11311.04,7,13173.6,19,11726.79,10,11311.04,7,64,38,-118,3
11:49:43.451 ,9900,0,10923,5,12654.23,15,11726.79,10,11311.04,7,64,39,-115,3
11:49:43.552 ,9599.12,-2,10923,5,13173.6,19,11726.79,10,10923,5,66,38,-116,3
11:49:43.684 ,10219.69,1,10560,3,12654.23,15,11726.79,10,11311.04,7,65,39,-116,3
11:49:43.777 ,9599.12,-2,10923,5,13736.25,22,12173.33,13,10923,5,65,38,-116,3
11:49:43.871 ,10219.69,1,10923,5,12654.23,15,12173.33,13,11311.04,7,64,38,-116,3
11:49:43.967 ,9900,0,11311.04,7,12654.23,15,12173.33,13,11311.04,7,66,37,-116,3
11:49:44.065 ,10219.69,1,11311.04,7,13173.6,19,12173.33,13,11311.04,7,64,38,-117,3
11:49:44.206 ,9900,0,10923,5,12654.23,15,12173.33,13,10923,5,66,38,-118,3
11:49:44.289 ,9599.12,-2,10923,5,13173.6,19,12173.33,13,11311.04,7,64,39,-116,3
11:50:10.674 ,11726.79,10,12173.33,13,15015,30,14347.83,26,11311.04,7,-88,-8,305,2
11:50:10.767 ,11311.04,7,11311.04,7,20769.38,64,14347.83,26,11311.04,7,64,52,-122,2
11:50:10.861 ,11311.04,7,11726.79,10,25638.46,93,14347.83,26,11311.04,7,64,56,-121,2
11:50:11.001 ,10923,5,11726.79,10,27802.5,106,15015,30,10923,5,62,54,-121,2
11:50:11.092 ,11726.79,10,11726.79,10,27802.5,106,14347.83,26,11311.04,7,63,54,-122,2
11:50:11.185 ,11311.04,7,11311.04,7,30360,122,15015,30,11311.04,7,62,53,-122,2
11:50:11.326 ,11726.79,10,11726.79,10,27802.5,106,14347.83,26,11311.04,7,62,52,-119,2
11:50:11.417 ,11726.79,10,12173.33,13,13173.6,19,14347.83,26,11311.04,7,63,53,-122,2
11:50:11.512 ,12173.33,13,12173.33,13,11726.79,10,14347.83,26,11726.79,10,63,53,-122,2
11:50:11.604 ,14347.83,26,12173.33,13,12173.33,13,13736.25,22,11726.79,10,63,53,-121,2
11:50:11.745 ,15745.71,34,12654.23,15,12173.33,13,15015,30,11311.04,7,64,54,-120,2
11:50:11.839 ,18425,50,15745.71,34,12173.33,13,14347.83,26,11311.04,7,63,54,-119,2
11:50:11.931 ,20769.38,64,18425,50,12173.33,13,14347.83,26,11311.04,7,65,54,-120,3
11:50:12.025 ,22176,73,22176,73,12173.33,13,15015,30,12173.33,13,65,55,-119,3
11:50:12.165 ,20769.38,64,23783.57,82,12654.23,15,19528.23,57,15745.71,34,63,53,-119,3
11:50:12.258 ,23783.57,82,27802.5,106,13736.25,22,23783.57,82,18425,50,65,53,-118,3
11:50:12.352 ,23783.57,82,30360,122,16549.5,39,25638.46,93,20769.38,64,65,53,-117,3
11:50:12.444 ,20769.38,64,25638.46,93,19528.23,57,30360,122,23783.57,82,65,54,-119,3
11:50:12.583 ,22176,73,27802.5,106,23783.57,82,25638.46,93,25638.46,93,63,54,-117,3
11:50:12.677 ,22176,73,25638.46,93,27802.5,106,27802.5,106,25638.46,93,63,52,-120,3
11:50:12.772 ,20769.38,64,27802.5,106,25638.46,93,27802.5,106,30360,122,64,53,-118,3
11:50:12.863 ,22176,73,25638.46,93,27802.5,106,27802.5,106,27802.5,106,63,57,-119,3
11:50:13.003 ,19528.23,57,25638.46,93,30360,122,25638.46,93,25638.46,93,67,54,-117,3
11:50:13.096 ,20769.38,64,30360,122,27802.5,106,25638.46,93,23783.57,82,64,54,-119,3
11:50:13.188 ,18425,50,25638.46,93,27802.5,106,23783.57,82,27802.5,106,64,55,-119,3
11:50:13.282 ,17437.89,44,22176,73,27802.5,106,25638.46,93,25638.46,93,64,55,-119,3
11:50:13.423 ,15745.71,34,18425,50,30360,122,27802.5,106,25638.46,93,65,55,-121,3
11:50:13.515 ,15745.71,34,16549.5,39,30360,122,25638.46,93,23783.57,82,63,51,-121,3
11:50:13.616 ,14347.83,26,14347.83,26,27802.5,106,25638.46,93,25638.46,93,65,55,-122,3
11:50:13.705 ,12654.23,15,13736.25,22,27802.5,106,30360,122,23783.57,82,65,53,-122,2
11:50:13.841 ,11311.04,7,13736.25,22,27802.5,106,27802.5,106,22176,73,64,56,-122,2
11:50:13.958 ,10923,5,13736.25,22,30360,122,25638.46,93,17437.89,44,63,57,-122,2
11:50:14.034 ,10219.69,1,12173.33,13,22176,73,25638.46,93,14347.83,26,65,55,-122,2
11:50:14.121 ,10923,5,11311.04,7,16549.5,39,25638.46,93,12654.23,15,63,54,-123,2
11:50:14.240 ,10560,3,11726.79,10,15015,30,23783.57,82,12654.23,15,64,54,-121,2
11:50:14.352 ,10219.69,1,10923,5,12654.23,15,16549.5,39,12654.23,15,64,55,-121,2
11:50:14.445 ,10219.69,1,10923,5,11726.79,10,12173.33,13,12173.33,13,65,57,-122,2
11:50:14.541 ,10560,3,10923,5,11726.79,10,10560,3,12173.33,13,64,54,-121,2
11:50:14.681 ,10219.69,1,10560,3,11726.79,10,10923,5,11726.79,10,65,54,-119,2
11:50:14.782 ,10560,3,10560,3,12173.33,13,10923,5,12173.33,13,65,56,-121,2
11:50:14.867 ,10219.69,1,10219.69,1,12173.33,13,10923,5,11726.79,10,66,54,-120,2
11:50:14.958 ,10560,3,10560,3,11726.79,10,11311.04,7,11726.79,10,64,57,-120,2
11:50:15.099 ,10560,3,10560,3,11726.79,10,11311.04,7,12173.33,13,65,54,-119,2
11:50:15.193 ,10560,3,10219.69,1,12173.33,13,11726.79,10,12173.33,13,64,55,-120,2
11:50:15.286 ,10219.69,1,10560,3,12173.33,13,11726.79,10,12173.33,13,64,54,-120,2
11:50:15.402 ,10560,3,10560,3,12173.33,13,11311.04,7,11726.79,10,63,53,-120,2
11:50:15.490 ,10923,5,10219.69,1,12173.33,13,10923,5,12654.23,15,64,55,-119,2
11:50:15.617 ,10219.69,1,10219.69,1,12654.23,15,11726.79,10,12173.33,13,63,55,-120,2
11:50:15.707 ,10560,3,9900,0,12173.33,13,11311.04,7,12654.23,15,63,54,-122,2
11:50:15.798 ,10219.69,1,10560,3,12654.23,15,11726.79,10,11726.79,10,63,53,-120,2
11:50:15.938 ,10560,3,10923,5,13173.6,19,11726.79,10,12654.23,15,65,55,-121,2
11:50:57.237 ,11726.79,10,11726.79,10,18769.38,64,12654.23,15,11726.79,10,64,50,-117,3
11:50:57.330 ,12173.33,13,11726.79,10,22638.46,93,13173.6,19,12173.33,13,63,50,-119,3
11:50:57.425 ,12173.33,13,11726.79,10,20802.5,106,13173.6,19,12173.33,13,66,49,-117,3
11:50:57.565 ,11726.79,10,12173.33,13,27802.5,106,12654.23,15,12173.33,13,65,51,-118,3
11:50:57.658 ,12173.33,13,11726.79,10,30360,122,13173.6,19,12173.33,13,62,50,-116,3
11:50:57.749 ,11726.79,10,12173.33,13,27802.5,106,13736.25,22,12173.33,13,65,50,-118,3
11:50:57.842 ,12173.33,13,12654.23,15,13173.6,19,12654.23,15,11311.04,7,63,50,-118,3
11:50:57.982 ,12173.33,13,14347.83,26,11726.79,10,13173.6,19,12173.33,13,63,50,-116,3
11:50:58.076 ,12173.33,13,17437.89,44,12173.33,13,12654.23,15,11726.79,10,66,48,-118,3
11:50:58.171 ,12173.33,13,19528.23,57,12173.33,13,13173.6,19,12654.23,15,64,50,-117,3
11:50:58.264 ,12654.23,15,22176,73,12173.33,13,13736.25,22,12173.33,13,64,51,-117,3
11:50:58.403 ,12654.23,15,23783.57,82,12173.33,13,13173.6,19,12173.33,13,66,52,-116,3
11:50:58.496 ,12173.33,13,25638.46,93,12173.33,13,13736.25,22,12173.33,13,64,48,-115,3
11:50:58.592 ,13173.6,19,25638.46,93,12654.23,15,13173.6,19,11726.79,10,63,50,-117,3
11:50:58.685 ,14347.83,26,27802.5,106,13736.25,22,15015,30,12173.33,13,64,51,-117,3
11:50:58.825 ,15745.71,34,27802.5,106,16549.5,39,19528.23,57,12173.33,13,63,50,-114,3
11:50:58.918 ,16549.5,39,27802.5,106,19528.23,57,23783.57,82,12654.23,15,63,52,-115,3
11:50:59.011 ,16549.5,39,27802.5,106,23783.57,82,22176,73,15015,30,64,50,-115,3
11:50:59.105 ,19528.23,57,23783.57,82,27802.5,106,27802.5,106,16549.5,39,64,50,-115,3
11:50:59.243 ,19528.23,57,25638.46,93,25638.46,93,25638.46,93,18425,50,64,50,-115,3
11:50:59.335 ,19528.23,57,27802.5,106,27802.5,106,23783.57,82,19528.23,57,64,49,-115,3
11:50:59.430 ,19528.23,57,23783.57,82,30360,122,25638.46,93,20769.38,64,62,50,-114,3
11:50:59.522 ,20769.38,64,25638.46,93,27802.5,106,23783.57,82,19528.23,57,65,52,-112,3
11:50:59.648 ,20769.38,64,25638.46,93,27802.5,106,23783.57,82,19528.23,57,64,51,-111,3
11:50:59.739 ,18425,50,23783.57,82,27802.5,106,23783.57,82,19528.23,57,64,51,-112,3
11:50:59.832 ,20769.38,64,22176,73,30360,122,22176,73,19528.23,57,65,52,-111,3
11:50:59.971 ,18425,50,20769.38,64,30360,122,25638.46,93,19528.23,57,64,52,-112,3
11:51:00.064 ,16549.5,39,19528.23,57,27802.5,106,25638.46,93,19528.23,57,66,51,-112,3
11:51:00.156 ,16549.5,39,19528.23,57,27802.5,106,22176,73,19528.23,57,65,51,-113,3
11:51:00.295 ,14347.83,26,19528.23,57,27802.5,106,25638.46,93,18425,50,62,51,-113,3
11:51:00.387 ,10923,5,18425,50,30360,122,22176,73,19528.23,57,64,52,-114,3
11:51:00.479 ,10923,5,17437.89,44,22176,73,22176,73,19528.23,57,64,52,-114,3
11:51:00.569 ,10219.69,1,18425,50,16549.5,39,22176,73,18425,50,64,52,-116,3
11:51:00.709 ,10219.69,1,15745.71,34,15015,30,23783.57,82,19528.23,57,65,53,-116,3
11:51:00.807 ,10219.69,1,15745.71,34,12654.23,15,22176,73,18425,50,63,55,-113,3
11:51:00.895 ,10560,3,15015,30,11726.79,10,16549.5,39,16549.5,39,66,51,-115,3
11:51:00.988 ,10219.69,1,13736.25,22,11726.79,10,15015,30,13173.6,19,63,51,-116,3
11:51:01.129 ,10219.69,1,13173.6,19,11726.79,10,12654.23,15,12654.23,15,62,52,-115,3
11:51:01.220 ,9900,0,12654.23,15,12173.33,13,11726.79,10,12173.33,13,63,51,-115,2
11:51:01.312 ,10219.69,1,12654.23,15,12173.33,13,12173.33,13,12173.33,13,63,52,-114,2
11:51:01.405 ,10219.69,1,12654.23,15,11726.79,10,11726.79,10,12173.33,13,66,51,-116,2
11:51:01.548 ,10219.69,1,13173.6,19,11726.79,10,12173.33,13,11311.04,7,64,53,-116,2
11:51:01.641 ,10560,3,11726.79,10,12173.33,13,12173.33,13,11311.04,7,63,51,-114,2
11:51:01.734 ,9900,0,11726.79,10,12173.33,13,12173.33,13,11726.79,10,63,51,-117,2
11:51:01.828 ,9900,0,11726.79,10,12173.33,13,12173.33,13,11311.04,7,63,51,-114,2
11:51:01.968 ,10560,3,11726.79,10,12173.33,13,12173.33,13,11726.79,10,65,53,-116,2
11:51:02.062 ,10560,3,11726.79,10,12654.23,15,12173.33,13,12173.33,13,63,52,-114,2
11:51:02.153 ,10219.69,1,11726.79,10,12173.33,13,13173.6,19,11311.04,7,64,52,-116,2
11:51:02.247 ,10219.69,1,10923,5,12654.23,15,12654.23,15,11726.79,10,66,52,-116,2
11:51:02.386 ,10560,3,10923,5,13173.6,19,12654.23,15,11726.79,10,65,52,-114,2
11:51:02.480 ,10560,3,11726.79,10,13173.6,19,13173.6,19,11311.04,7,64,52,-115,2
12:00:18.455 ,12173.33,13,11726.79,10,12173.33,13,5490.52,-27,14347.83,26,83,42,-156,3
12:00:18.596 ,12173.33,13,12173.33,13,12654.23,15,5490.52,-27,14347.83,26,83,44,-154,3
12:00:18.689 ,12173.33,13,13173.6,19,12173.33,13,5490.52,-27,13736.25,22,83,43,-154,3
12:00:18.781 ,12173.33,13,13736.25,22,12173.33,13,5490.52,-27,13736.25,22,84,42,-154,3
12:00:18.922 ,12654.23,15,15015,30,13173.6,19,5391.86,-27,14347.83,26,82,44,-151,3
12:00:19.015 ,15015,30,15745.71,34,14347.83,26,5391.86,-27,14347.83,26,82,42,-154,3
12:00:19.155 ,16549.5,39,17437.89,44,14347.83,26,5296.5,-28,13173.6,19,82,44,-154,3
12:00:19.248 ,17437.89,44,18425,50,16549.5,39,5592.63,-26,13736.25,22,83,41,-154,3
12:00:19.340 ,18425,50,20769.38,64,19528.23,57,5592.63,-26,13736.25,22,82,41,-154,3
12:00:19.481 ,19528.23,57,22176,73,22176,73,6039.62,-23,14347.83,26,80,41,-153,3
12:00:19.574 ,20769.38,64,22176,73,25638.46,93,6703.13,-19,15015,30,81,45,-154,3
12:00:19.713 ,23783.57,82,23783.57,82,25638.46,93,7172,-16,15745.71,34,83,42,-154,3
12:00:19.809 ,23783.57,82,25638.46,93,27802.5,106,8553.95,-8,18425,50,83,43,-156,3
12:00:19.904 ,23783.57,82,27802.5,106,27802.5,106,8553.95,-8,19528.23,57,80,44,-156,3
12:00:20.043 ,25638.46,93,30360,122,33429,140,7172,-16,22176,73,82,44,-154,3
12:00:20.137 ,27802.5,106,30360,122,30360,122,1998.21,-48,23783.57,82,82,44,-152,4
12:00:20.277 ,30360,122,30360,122,30360,122,1920.6,-48,23783.57,82,82,42,-153,4
12:00:20.370 ,30360,122,37180,163,33429,140,1998.21,-48,25638.46,93,83,41,-153,4
12:00:20.461 ,30360,122,33429,140,41868.75,191,2047.39,-47,27802.5,106,83,42,-154,4
12:00:20.600 ,30360,122,33429,140,37180,163,2208.27,-46,25638.46,93,82,41,-155,4
12:00:20.694 ,33429,140,41868.75,191,33429,140,2081.36,-47,30360,122,81,44,-153,4
12:00:20.835 ,30360,122,37180,163,41868.75,191,2370.72,-45,30360,122,82,41,-154,4
12:00:20.927 ,25638.46,93,41868.75,191,37180,163,2392.5,-45,37180,163,81,42,-155,5
12:00:21.020 ,27802.5,106,41868.75,191,41868.75,191,2307.42,-46,37180,163,82,40,-154,5
12:00:21.160 ,30360,122,41868.75,191,41868.75,191,27802.5,106,41868.75,191,80,41,-153,5
12:00:21.255 ,27802.5,106,37180,163,37180,163,27802.5,106,41868.75,191,82,38,-153,5
12:00:21.394 ,30360,122,37180,163,33429,140,30360,122,41868.75,191,81,40,-154,5
12:00:21.487 ,25638.46,93,33429,140,30360,122,27802.5,106,41868.75,191,80,39,-153,5
12:00:21.582 ,27802.5,106,41868.75,191,33429,140,27802.5,106,41868.75,191,79,38,-155,5
12:00:21.723 ,22176,73,41868.75,191,27802.5,106,27802.5,106,47897.14,227,81,40,-152,5
12:00:21.817 ,22176,73,33429,140,23783.57,82,27802.5,106,41868.75,191,82,38,-156,5
12:00:21.955 ,20769.38,64,33429,140,19528.23,57,27802.5,106,47897.14,227,82,41,-153,5
12:00:22.046 ,18425,50,27802.5,106,15745.71,34,27802.5,106,41868.75,191,79,37,-153,5
12:00:22.141 ,17437.89,44,25638.46,93,14347.83,26,25638.46,93,41868.75,191,82,37,-151,5
12:00:22.281 ,16549.5,39,23783.57,82,13173.6,19,25638.46,93,47897.14,227,81,38,-153,5
12:00:22.374 ,16549.5,39,22176,73,12173.33,13,20769.38,64,41868.75,191,81,39,-152,4
12:00:22.515 ,16549.5,39,20769.38,64,11311.04,7,17437.89,44,41868.75,191,81,37,-150,4
12:00:22.609 ,15745.71,34,18425,50,10560,3,13736.25,22,41868.75,191,81,38,-152,4
12:00:22.707 ,13736.25,22,15015,30,9900,0,11311.04,7,47897.14,227,79,38,-153,4
12:00:22.848 ,13736.25,22,13736.25,22,9900,0,9315.43,-4,37180,163,80,38,-153,3
12:00:22.935 ,13173.6,19,13173.6,19,9599.12,-2,9315.43,-4,33429,140,83,36,-152,3
12:00:23.072 ,12654.23,15,12173.33,13,9599.12,-2,9315.43,-4,30360,122,82,39,-153,3
12:00:23.165 ,11726.79,10,11726.79,10,9599.12,-2,9315.43,-4,22176,73,82,37,-156,3
12:00:23.258 ,11726.79,10,11311.04,7,9315.43,-4,9047.5,-5,20769.38,64,80,37,-153,3
12:00:23.397 ,11311.04,7,10923,5,9315.43,-4,9047.5,-5,20769.38,64,79,37,-155,3
12:00:23.490 ,11311.04,7,10923,5,9315.43,-4,8553.95,-8,15745.71,34,81,39,-152,3
12:00:23.632 ,10923,5,10923,5,9599.12,-2,8794.05,-7,15745.71,34,80,37,-154,3
12:00:23.724 ,10923,5,10560,3,9599.12,-2,8794.05,-7,15015,30,79,40,-154,3
12:00:23.818 ,10923,5,10923,5,9315.43,-4,7903.9,-12,13736.25,22,82,39,-153,3
12:00:23.959 ,10219.69,1,10560,3,9599.12,-2,8326.15,-10,14347.83,26,80,39,-154,3
12:00:24.052 ,10219.69,1,10560,3,9599.12,-2,8326.15,-10,12173.33,13,80,39,-153,3
12:00:50.920 ,10560,3,11726.79,10,10923,5,8553.95,-8,12654.23,15,78,38,-153,3
12:00:51.015 ,10560,3,11311.04,7,11311.04,7,8553.95,-8,13173.6,19,78,36,-156,3
12:00:51.154 ,10560,3,11311.04,7,10923,5,8109.75,-11,13736.25,22,77,37,-154,3
12:00:51.247 ,10923,5,11311.04,7,10923,5,4294.52,-34,13173.6,19,77,39,-156,3
12:00:51.341 ,10560,3,10923,5,10923,5,10219.69,1,13173.6,19,78,37,-155,4
12:00:51.482 ,10560,3,11311.04,7,10923,5,11311.04,7,13173.6,19,77,37,-156,4
12:00:51.574 ,11726.79,10,11311.04,7,11311.04,7,13173.6,19,13736.25,22,78,38,-157,4
12:00:51.717 ,12654.23,15,11726.79,10,10923,5,15015,30,14347.83,26,77,37,-154,4
12:00:51.809 ,13173.6,19,11726.79,10,11726.79,10,17437.89,44,14347.83,26,78,35,-156,4
12:00:51.904 ,15015,30,12654.23,15,13173.6,19,18425,50,15015,30,77,37,-152,4
12:00:52.043 ,15015,30,14347.83,26,13173.6,19,22176,73,18425,50,78,37,-155,4
12:00:52.137 ,16549.5,39,14347.83,26,14347.83,26,23783.57,82,20769.38,64,79,35,-153,4
12:00:52.276 ,16549.5,39,16549.5,39,17437.89,44,25638.46,93,23783.57,82,77,35,-155,4
12:00:52.368 ,17437.89,44,19528.23,57,18425,50,27802.5,106,27802.5,106,78,37,-154,4
12:00:52.460 ,20769.38,64,22176,73,22176,73,30360,122,33429,140,77,39,-153,4
12:00:52.599 ,19528.23,57,23783.57,82,25638.46,93,27802.5,106,33429,140,77,36,-155,4
12:00:52.693 ,23783.57,82,23783.57,82,27802.5,106,27802.5,106,37180,163,76,36,-154,4
12:00:52.790 ,23783.57,82,27802.5,106,30360,122,27802.5,106,37180,163,77,37,-155,4
12:00:52.927 ,27802.5,106,27802.5,106,33429,140,27802.5,106,55935,275,77,38,-154,4
12:00:53.021 ,30360,122,27802.5,106,37180,163,30360,122,47897.14,227,78,37,-155,4
12:00:53.159 ,33429,140,33429,140,37180,163,30360,122,47897.14,227,77,38,-156,4
12:00:53.255 ,30360,122,33429,140,37180,163,30360,122,41868.75,191,78,36,-155,4
12:00:53.395 ,30360,122,33429,140,37180,163,27802.5,106,47897.14,227,76,37,-154,4
12:00:53.488 ,27802.5,106,33429,140,41868.75,191,30360,122,41868.75,191,78,39,-156,4
12:00:53.582 ,27802.5,106,33429,140,41868.75,191,30360,122,41868.75,191,76,37,-154,4
12:00:53.722 ,30360,122,37180,163,47897.14,227,27802.5,106,47897.14,227,77,39,-152,4
12:00:53.817 ,30360,122,41868.75,191,41868.75,191,27802.5,106,41868.75,191,76,36,-155,4
12:00:53.911 ,30360,122,37180,163,37180,163,27802.5,106,47897.14,227,77,37,-154,4
12:00:54.052 ,27802.5,106,33429,140,37180,163,25638.46,93,47897.14,227,76,37,-153,4
12:00:54.146 ,25638.46,93,37180,163,37180,163,27802.5,106,33429,140,78,37,-156,4
12:00:54.286 ,23783.57,82,37180,163,37180,163,30360,122,30360,122,76,35,-154,4
12:00:54.378 ,23783.57,82,33429,140,37180,163,27802.5,106,20769.38,64,77,37,-155,4
12:00:54.471 ,20769.38,64,33429,140,30360,122,30360,122,16549.5,39,79,36,-152,4
12:00:54.611 ,19528.23,57,33429,140,30360,122,25638.46,93,14347.83,26,78,38,-153,4
12:00:54.704 ,20769.38,64,37180,163,27802.5,106,22176,73,12654.23,15,76,36,-153,4
12:00:54.845 ,17437.89,44,33429,140,23783.57,82,20769.38,64,12654.23,15,77,39,-155,4
12:00:54.937 ,15015,30,33429,140,19528.23,57,15745.71,34,12173.33,13,79,39,-154,4
12:00:55.028 ,14347.83,26,33429,140,16549.5,39,13736.25,22,11311.04,7,76,38,-155,4
12:00:55.169 ,14347.83,26,27802.5,106,14347.83,26,12654.23,15,12173.33,13,77,37,-155,4
12:00:55.262 ,12173.33,13,30360,122,13173.6,19,12173.33,13,12173.33,13,76,36,-155,4
12:00:55.403 ,11726.79,10,22176,73,11726.79,10,11726.79,10,12654.23,15,76,37,-156,4
12:00:55.496 ,11311.04,7,22176,73,10923,5,11311.04,7,11726.79,10,78,38,-158,4
12:00:55.591 ,10923,5,18425,50,10219.69,1,10923,5,11311.04,7,76,37,-156,4
12:00:55.731 ,10560,3,16549.5,39,9599.12,-2,10219.69,1,12173.33,13,77,38,-155,3
12:00:55.824 ,10219.69,1,14347.83,26,9900,0,9599.12,-2,11311.04,7,77,38,-156,3
12:00:55.966 ,10560,3,14347.83,26,9599.12,-2,8794.05,-7,11311.04,7,79,38,-154,3
12:00:56.061 ,10219.69,1,13173.6,19,9599.12,-2,8109.75,-11,11311.04,7,77,39,-154,3
12:00:56.155 ,10219.69,1,12173.33,13,9599.12,-2,8794.05,-7,11311.04,7,75,38,-157,3
12:00:56.294 ,9900,0,12654.23,15,9315.43,-4,8109.75,-11,11726.79,10,78,40,-153,3
12:00:56.386 ,10219.69,1,11311.04,7,9599.12,-2,7342.5,-15,11311.04,7,77,38,-156,3
12:00:56.527 ,9900,0,10923,5,9599.12,-2,8109.75,-11,11311.04,7,79,38,-155,3
12:01:57.845 ,10560,3,10923,5,9599.12,-2,10219.69,1,12173.33,13,66,34,-158,3
12:01:57.986 ,10560,3,10923,5,9900,0,10560,3,12654.23,15,68,34,-157,3
12:01:58.080 ,10219.69,1,10560,3,9900,0,10219.69,1,12654.23,15,67,34,-158,3
12:01:58.171 ,10219.69,1,10923,5,10219.69,1,10219.69,1,12654.23,15,67,34,-158,3
12:01:58.313 ,10560,3,10923,5,9599.12,-2,10219.69,1,12654.23,15,66,34,-156,3
12:01:58.407 ,10219.69,1,10560,3,9900,0,10560,3,13173.6,19,67,33,-155,3
12:01:58.503 ,10219.69,1,10923,5,9900,0,12173.33,13,13173.6,19,66,34,-156,3
12:01:58.645 ,10560,3,10923,5,10560,3,12173.33,13,12654.23,15,68,32,-157,3
12:01:58.737 ,12173.33,13,12654.23,15,11311.04,7,13173.6,19,13736.25,22,67,33,-159,3
12:01:58.876 ,13173.6,19,13736.25,22,13173.6,19,15745.71,34,16549.5,39,66,34,-158,3
12:01:58.972 ,13173.6,19,13736.25,22,15015,30,16549.5,39,17437.89,44,68,33,-156,3
12:01:59.068 ,14347.83,26,15745.71,34,18425,50,18425,50,20769.38,64,65,33,-159,3
12:01:59.204 ,15015,30,17437.89,44,19528.23,57,22176,73,25638.46,93,66,34,-158,3
12:01:59.300 ,16549.5,39,18425,50,22176,73,23783.57,82,27802.5,106,68,32,-160,3
12:01:59.440 ,17437.89,44,20769.38,64,25638.46,93,23783.57,82,33429,140,69,35,-158,3
12:01:59.533 ,18425,50,20769.38,64,25638.46,93,27802.5,106,33429,140,66,35,-158,4
12:01:59.625 ,20769.38,64,25638.46,93,30360,122,30360,122,37180,163,69,35,-158,4
12:01:59.763 ,23783.57,82,25638.46,93,37180,163,30360,122,41868.75,191,66,34,-159,4
12:01:59.858 ,25638.46,93,27802.5,106,33429,140,33429,140,37180,163,67,33,-160,4
12:01:59.999 ,25638.46,93,25638.46,93,37180,163,27802.5,106,47897.14,227,67,33,-159,4
12:02:00.093 ,25638.46,93,27802.5,106,37180,163,27802.5,106,41868.75,191,67,36,-160,4
12:02:00.186 ,27802.5,106,27802.5,106,41868.75,191,30360,122,41868.75,191,66,35,-160,4
12:02:00.326 ,33429,140,30360,122,37180,163,33429,140,41868.75,191,67,33,-158,4
12:02:00.419 ,33429,140,33429,140,37180,163,33429,140,47897.14,227,68,34,-159,4
12:02:00.513 ,33429,140,37180,163,41868.75,191,27802.5,106,47897.14,227,68,36,-157,4
12:02:00.652 ,33429,140,37180,163,41868.75,191,30360,122,47897.14,227,66,33,-158,4
12:02:00.746 ,27802.5,106,37180,163,41868.75,191,30360,122,41868.75,191,67,35,-159,4
12:02:00.887 ,30360,122,37180,163,37180,163,27802.5,106,47897.14,227,65,34,-157,4
12:02:00.981 ,30360,122,41868.75,191,41868.75,191,30360,122,47897.14,227,66,33,-159,4
12:02:01.075 ,25638.46,93,41868.75,191,37180,163,30360,122,47897.14,227,67,34,-156,4
12:02:01.215 ,23783.57,82,37180,163,37180,163,25638.46,93,41868.75,191,67,32,-157,4
12:02:01.308 ,19528.23,57,37180,163,41868.75,191,27802.5,106,41868.75,191,67,33,-158,4
12:02:01.448 ,19528.23,57,37180,163,37180,163,27802.5,106,37180,163,65,33,-156,4
12:02:01.542 ,18425,50,41868.75,191,33429,140,30360,122,25638.46,93,68,32,-156,4
12:02:01.635 ,17437.89,44,33429,140,33429,140,27802.5,106,18425,50,68,31,-158,4
12:02:01.775 ,17437.89,44,33429,140,30360,122,27802.5,106,13736.25,22,67,32,-158,4
12:02:01.871 ,15745.71,34,33429,140,27802.5,106,23783.57,82,13736.25,22,66,33,-155,3
12:02:02.008 ,14347.83,26,27802.5,106,20769.38,64,23783.57,82,13173.6,19,68,32,-156,3
12:02:02.104 ,13736.25,22,25638.46,93,15745.71,34,20769.38,64,12654.23,15,67,32,-156,3
12:02:02.195 ,13173.6,19,22176,73,12654.23,15,17437.89,44,12654.23,15,68,32,-155,3
12:02:02.336 ,12654.23,15,22176,73,11726.79,10,15745.71,34,12654.23,15,67,34,-156,3
12:02:02.429 ,11311.04,7,17437.89,44,10923,5,15015,30,12173.33,13,69,33,-159,3
12:02:02.569 ,10560,3,14347.83,26,10219.69,1,13173.6,19,12654.23,15,67,34,-157,3
12:02:02.662 ,10560,3,12173.33,13,10219.69,1,11726.79,10,12173.33,13,69,32,-156,3
12:02:02.755 ,10219.69,1,11726.79,10,9599.12,-2,12173.33,13,11311.04,7,67,34,-156,3
12:02:02.897 ,10219.69,1,11311.04,7,9900,0,11311.04,7,11311.04,7,66,34,-157,3
12:02:02.990 ,10219.69,1,10923,5,9599.12,-2,10560,3,11311.04,7,68,33,-155,3
12:02:03.141 ,10219.69,1,10219.69,1,10560,3,10560,3,10923,5,67,34,-158,3
12:02:03.226 ,10219.69,1,9900,0,9599.12,-2,9900,0,10923,5,67,34,-157,3
12:02:03.318 ,9900,0,10219.69,1,9599.12,-2,10219.69,1,10923,5,70,34,-155,3
12:02:03.460 ,10560,3,10219.69,1,9315.43,-4,9900,0,10923,5,68,32,-156,3
12:02:54.509 ,10219.69,1,11726.79,10,11726.79,10,10219.69,1,13173.6,19,68,32,-156,3
12:02:54.650 ,10219.69,1,11726.79,10,12173.33,13,9900,0,13173.6,19,68,31,-157,3
12:02:54.743 ,10219.69,1,11311.04,7,11726.79,10,9599.12,-2,13173.6,19,66,32,-155,3
12:02:54.882 ,10219.69,1,12173.33,13,11311.04,7,9599.12,-2,13736.25,22,66,31,-155,3
12:02:54.976 ,10560,3,11311.04,7,11311.04,7,9900,0,13173.6,19,69,34,-157,3
12:02:55.069 ,10219.69,1,13173.6,19,13173.6,19,10560,3,15015,30,68,34,-157,3
12:02:55.208 ,10560,3,13173.6,19,12654.23,15,10923,5,17437.89,44,68,33,-157,3
12:02:55.301 ,11311.04,7,13736.25,22,13173.6,19,10923,5,20769.38,64,66,32,-155,3
12:02:55.439 ,11726.79,10,15015,30,13736.25,22,12654.23,15,23783.57,82,67,34,-158,3
12:02:55.534 ,12654.23,15,15745.71,34,14347.83,26,13173.6,19,33429,140,66,31,-156,3
12:02:55.627 ,13736.25,22,17437.89,44,16549.5,39,14347.83,26,30360,122,68,33,-155,3
12:02:55.768 ,14347.83,26,17437.89,44,19528.23,57,15015,30,25638.46,93,69,34,-157,3
12:02:55.862 ,16549.5,39,20769.38,64,20769.38,64,16549.5,39,30360,122,65,34,-158,3
12:02:56.001 ,19528.23,57,19528.23,57,20769.38,64,18425,50,30360,122,66,33,-158,3
12:02:56.094 ,19528.23,57,22176,73,22176,73,19528.23,57,30360,122,68,35,-158,3
12:02:56.188 ,19528.23,57,25638.46,93,22176,73,19528.23,57,30360,122,68,31,-157,3
12:02:56.327 ,19528.23,57,25638.46,93,23783.57,82,18425,50,33429,140,67,32,-158,3
12:02:56.420 ,20769.38,64,25638.46,93,25638.46,93,18425,50,27802.5,106,66,34,-157,3
12:02:56.560 ,20769.38,64,27802.5,106,25638.46,93,18425,50,30360,122,69,34,-156,3
12:02:56.655 ,22176,73,25638.46,93,27802.5,106,17437.89,44,27802.5,106,68,35,-159,3
12:02:56.748 ,22176,73,27802.5,106,27802.5,106,17437.89,44,22176,73,67,33,-158,3
12:02:56.888 ,22176,73,25638.46,93,30360,122,15745.71,34,18425,50,67,34,-157,3
12:02:56.981 ,22176,73,25638.46,93,27802.5,106,15015,30,17437.89,44,68,33,-158,3
12:02:57.119 ,25638.46,93,25638.46,93,30360,122,13736.25,22,15015,30,68,34,-157,3
12:02:57.213 ,25638.46,93,22176,73,30360,122,11726.79,10,13173.6,19,69,34,-157,3
12:02:57.308 ,25638.46,93,18425,50,30360,122,10923,5,12654.23,15,68,33,-156,3
12:02:57.448 ,22176,73,18425,50,30360,122,10560,3,12654.23,15,69,34,-156,3
12:02:57.542 ,20769.38,64,17437.89,44,27802.5,106,10219.69,1,13173.6,19,68,34,-158,3
12:02:57.683 ,17437.89,44,15745.71,34,30360,122,9599.12,-2,12173.33,13,69,34,-157,3
12:02:57.776 ,17437.89,44,15015,30,30360,122,9315.43,-4,12173.33,13,69,33,-158,3
12:02:57.869 ,16549.5,39,14347.83,26,27802.5,106,9047.5,-5,12654.23,15,68,34,-158,3
12:02:58.009 ,15015,30,13736.25,22,27802.5,106,9315.43,-4,12173.33,13,68,34,-158,3
12:02:58.100 ,14347.83,26,13736.25,22,25638.46,93,9047.5,-5,13173.6,19,68,35,-156,3
12:02:58.240 ,13736.25,22,12654.23,15,27802.5,106,8794.05,-7,11726.79,10,69,36,-158,3
12:02:58.334 ,11726.79,10,12173.33,13,25638.46,93,8553.95,-8,12173.33,13,68,33,-156,3
12:02:58.426 ,11726.79,10,12173.33,13,20769.38,64,8326.15,-10,11726.79,10,69,34,-157,3
12:02:58.566 ,11311.04,7,11311.04,7,17437.89,44,8109.75,-11,12654.23,15,69,34,-157,3
12:02:58.661 ,10923,5,11311.04,7,15745.71,34,7903.9,-12,13173.6,19,70,33,-158,3
12:02:58.800 ,10560,3,10560,3,15015,30,7903.9,-12,12173.33,13,71,34,-158,3
12:02:58.891 ,10219.69,1,10560,3,12654.23,15,8326.15,-10,12654.23,15,69,34,-157,3
12:02:58.983 ,10219.69,1,10219.69,1,12173.33,13,8326.15,-10,12173.33,13,69,34,-157,3
12:02:59.125 ,10560,3,10219.69,1,11726.79,10,8109.75,-11,12654.23,15,69,34,-158,3
12:02:59.218 ,10560,3,9900,0,10923,5,8326.15,-10,12173.33,13,68,34,-157,3
12:02:59.357 ,10219.69,1,9900,0,10560,3,8553.95,-8,12654.23,15,70,34,-156,3
12:02:59.449 ,10560,3,9900,0,9900,0,8326.15,-10,12654.23,15,72,35,-157,3
12:02:59.541 ,10560,3,9900,0,9900,0,8553.95,-8,12173.33,13,70,36,-157,3
12:02:59.680 ,10219.69,1,10219.69,1,9900,0,8553.95,-8,12173.33,13,71,35,-157,3
12:02:59.775 ,10219.69,1,9900,0,9900,0,8326.15,-10,12173.33,13,71,36,-156,3
12:02:59.916 ,10560,3,9900,0,9900,0,8553.95,-8,11726.79,10,71,36,-157,3
12:03:00.009 ,10219.69,1,10219.69,1,9900,0,8794.05,-7,12173.33,13,68,34,-156,3
12:03:00.104 ,10560,3,10219.69,1,9900,0,8326.15,-10,11726.79,10,71,35,-155,3
12:03:43.548 ,10923,5,11311.04,7,11726.79,10,9599.12,-2,11311.04,7,63,36,-159,3
12:03:43.643 ,10560,3,11311.04,7,11726.79,10,10219.69,1,11726.79,10,62,36,-159,3
12:03:43.736 ,10219.69,1,11726.79,10,12654.23,15,9599.12,-2,11311.04,7,65,35,-158,3
12:03:43.875 ,10923,5,11311.04,7,11726.79,10,9599.12,-2,11726.79,10,64,34,-158,3
12:03:43.970 ,10923,5,11726.79,10,12654.23,15,9599.12,-2,11311.04,7,63,35,-159,3
12:03:44.110 ,10923,5,12173.33,13,12654.23,15,9599.12,-2,11311.04,7,63,36,-157,3
12:03:44.203 ,10560,3,13736.25,22,13736.25,22,10219.69,1,11726.79,10,63,34,-160,3
12:03:44.298 ,10923,5,15015,30,14347.83,26,10219.69,1,12654.23,15,65,36,-157,3
12:03:44.436 ,11311.04,7,16549.5,39,17437.89,44,10219.69,1,14347.83,26,63,36,-159,3
12:03:44.532 ,11726.79,10,17437.89,44,16549.5,39,10560,3,16549.5,39,62,36,-160,3
12:03:44.670 ,12654.23,15,18425,50,20769.38,64,10923,5,20769.38,64,65,35,-159,3
12:03:44.765 ,14347.83,26,19528.23,57,23783.57,82,11726.79,10,20769.38,64,65,36,-160,3
12:03:44.858 ,15015,30,19528.23,57,27802.5,106,13736.25,22,22176,73,64,37,-160,3
12:03:44.997 ,15745.71,34,19528.23,57,27802.5,106,15015,30,23783.57,82,66,34,-158,3
12:03:45.092 ,17437.89,44,19528.23,57,27802.5,106,15745.71,34,23783.57,82,64,36,-158,3
12:03:45.232 ,18425,50,22176,73,33429,140,16549.5,39,23783.57,82,65,36,-161,3
12:03:45.324 ,19528.23,57,23783.57,82,30360,122,15745.71,34,27802.5,106,64,36,-158,3
12:03:45.417 ,20769.38,64,23783.57,82,27802.5,106,18425,50,25638.46,93,63,34,-159,3
12:03:45.558 ,23783.57,82,23783.57,82,30360,122,18425,50,23783.57,82,64,35,-161,4
12:03:45.651 ,23783.57,82,23783.57,82,27802.5,106,19528.23,57,25638.46,93,66,35,-159,3
12:03:45.792 ,22176,73,23783.57,82,27802.5,106,19528.23,57,25638.46,93,63,37,-159,3
12:03:45.886 ,25638.46,93,25638.46,93,27802.5,106,19528.23,57,25638.46,93,65,35,-158,3
12:03:45.976 ,27802.5,106,23783.57,82,25638.46,93,19528.23,57,22176,73,63,34,-158,3
12:03:46.116 ,25638.46,93,22176,73,25638.46,93,20769.38,64,22176,73,66,36,-160,3
12:03:46.210 ,25638.46,93,25638.46,93,22176,73,19528.23,57,20769.38,64,66,36,-159,3
12:03:46.349 ,27802.5,106,25638.46,93,20769.38,64,19528.23,57,17437.89,44,63,35,-160,3
12:03:46.443 ,25638.46,93,23783.57,82,17437.89,44,20769.38,64,16549.5,39,64,33,-156,3
12:03:46.537 ,25638.46,93,22176,73,15745.71,34,18425,50,14347.83,26,63,34,-161,3
12:03:46.677 ,27802.5,106,25638.46,93,14347.83,26,18425,50,13173.6,19,65,37,-158,3
12:03:46.770 ,27802.5,106,23783.57,82,13736.25,22,18425,50,11726.79,10,64,33,-159,3
12:03:46.909 ,27802.5,106,23783.57,82,13173.6,19,16549.5,39,10923,5,64,35,-160,3
12:03:47.002 ,27802.5,106,23783.57,82,12173.33,13,15745.71,34,10560,3,63,35,-159,3
12:03:47.094 ,27802.5,106,22176,73,11726.79,10,15745.71,34,9900,0,65,34,-158,3
12:03:47.237 ,25638.46,93,19528.23,57,11726.79,10,14347.83,26,9900,0,65,35,-159,3
12:03:47.331 ,25638.46,93,22176,73,11311.04,7,13736.25,22,9599.12,-2,63,34,-160,3
12:03:47.424 ,23783.57,82,20769.38,64,10560,3,12173.33,13,9599.12,-2,65,36,-159,3
12:03:47.564 ,22176,73,18425,50,10219.69,1,11311.04,7,9900,0,63,34,-160,3
12:03:47.658 ,17437.89,44,16549.5,39,10219.69,1,10923,5,9900,0,65,35,-160,3
12:03:47.800 ,16549.5,39,15015,30,10219.69,1,10923,5,9900,0,65,36,-158,3
12:03:47.891 ,15015,30,15015,30,10219.69,1,9900,0,9900,0,64,36,-159,3
12:03:47.985 ,16549.5,39,14347.83,26,9900,0,9599.12,-2,9599.12,-2,62,34,-159,3
12:03:48.125 ,16549.5,39,12654.23,15,10219.69,1,9047.5,-5,9900,0,64,36,-158,3
12:03:48.218 ,15015,30,12654.23,15,10560,3,8794.05,-7,9900,0,65,36,-160,3
12:03:48.359 ,14347.83,26,11726.79,10,9900,0,8794.05,-7,9599.12,-2,66,34,-161,3
12:03:48.453 ,13173.6,19,11311.04,7,9900,0,8326.15,-10,9900,0,64,36,-158,3
12:03:48.548 ,13736.25,22,11311.04,7,9900,0,7707.86,-13,9900,0,65,35,-159,3
12:03:48.688 ,12173.33,13,10923,5,9900,0,7707.86,-13,9599.12,-2,64,35,-159,3
12:03:48.782 ,12654.23,15,10560,3,9900,0,7520.93,-14,9599.12,-2,63,34,-157,3
12:03:48.924 ,12173.33,13,9900,0,9900,0,7342.5,-15,9599.12,-2,67,36,-159,3
12:03:49.018 ,12173.33,13,10219.69,1,9599.12,-2,6852.77,-18,9599.12,-2,65,35,-159,3
12:03:49.113 ,12173.33,13,10219.69,1,9599.12,-2,6852.77,-18,9900,0,66,36,-157,3
12:04:13.859 ,11726.79,10,10560,3,11311.04,7,10923,5,11311.04,7,63,36,-160,3
12:04:13.948 ,12173.33,13,10560,3,10923,5,10560,3,11726.79,10,64,36,-159,3
12:04:14.086 ,11726.79,10,10219.69,1,10923,5,10560,3,11311.04,7,63,35,-160,3
12:04:14.178 ,11311.04,7,10560,3,10923,5,10560,3,11726.79,10,63,34,-158,3
12:04:14.320 ,12173.33,13,10560,3,10560,3,10923,5,11311.04,7,65,36,-161,3
12:04:14.413 ,11726.79,10,10923,5,10923,5,10923,5,11311.04,7,65,36,-159,3
12:04:14.507 ,12173.33,13,11726.79,10,11726.79,10,12173.33,13,11726.79,10,64,33,-159,3
12:04:14.647 ,13173.6,19,13173.6,19,13173.6,19,12654.23,15,12654.23,15,65,34,-159,3
12:04:14.741 ,14347.83,26,15015,30,13736.25,22,15015,30,14347.83,26,62,36,-161,3
12:04:14.836 ,15745.71,34,15745.71,34,15015,30,18425,50,16549.5,39,63,35,-159,3
12:04:14.974 ,15745.71,34,17437.89,44,15745.71,34,19528.23,57,20769.38,64,62,34,-158,3
12:04:15.066 ,16549.5,39,20769.38,64,15745.71,34,20769.38,64,20769.38,64,66,35,-158,3
12:04:15.205 ,18425,50,23783.57,82,15015,30,22176,73,22176,73,65,36,-159,3
12:04:15.298 ,18425,50,25638.46,93,17437.89,44,22176,73,23783.57,82,65,35,-159,3
12:04:15.437 ,19528.23,57,25638.46,93,19528.23,57,23783.57,82,23783.57,82,65,35,-159,3
12:04:15.531 ,19528.23,57,25638.46,93,23783.57,82,23783.57,82,23783.57,82,64,34,-158,3
12:04:15.622 ,18425,50,25638.46,93,23783.57,82,25638.46,93,27802.5,106,64,34,-158,3
12:04:15.764 ,19528.23,57,27802.5,106,23783.57,82,23783.57,82,25638.46,93,64,35,-160,3
12:04:15.857 ,20769.38,64,30360,122,25638.46,93,23783.57,82,23783.57,82,64,36,-158,3
12:04:15.996 ,20769.38,64,27802.5,106,27802.5,106,23783.57,82,25638.46,93,66,36,-158,3
12:04:16.089 ,22176,73,30360,122,30360,122,23783.57,82,25638.46,93,64,35,-158,3
12:04:16.183 ,18425,50,25638.46,93,25638.46,93,23783.57,82,25638.46,93,63,35,-157,3
12:04:16.324 ,15745.71,34,25638.46,93,27802.5,106,23783.57,82,22176,73,65,36,-158,3
12:04:16.420 ,15745.71,34,25638.46,93,27802.5,106,23783.57,82,22176,73,65,37,-159,3
12:04:16.514 ,13736.25,22,27802.5,106,25638.46,93,22176,73,20769.38,64,64,37,-161,3
12:04:16.654 ,12654.23,15,27802.5,106,27802.5,106,22176,73,17437.89,44,64,35,-159,3
12:04:16.747 ,12173.33,13,27802.5,106,27802.5,106,19528.23,57,16549.5,39,66,36,-159,3
12:04:16.886 ,11726.79,10,23783.57,82,27802.5,106,15745.71,34,14347.83,26,64,35,-160,3
12:04:16.979 ,11311.04,7,22176,73,25638.46,93,14347.83,26,13173.6,19,65,36,-160,3
12:04:17.118 ,11311.04,7,19528.23,57,23783.57,82,13173.6,19,11726.79,10,64,36,-159,3
12:04:17.213 ,11311.04,7,17437.89,44,22176,73,12173.33,13,10923,5,64,37,-158,3
12:04:17.306 ,11311.04,7,15015,30,20769.38,64,11726.79,10,10560,3,64,33,-159,3
12:04:17.448 ,10923,5,13736.25,22,15745.71,34,11311.04,7,9900,0,66,35,-159,3
12:04:17.542 ,10923,5,13173.6,19,12654.23,15,10923,5,9900,0,65,36,-160,3
12:04:17.637 ,10560,3,12173.33,13,11311.04,7,9900,0,9599.12,-2,63,36,-158,3
12:04:17.777 ,10560,3,11311.04,7,10923,5,9900,0,9599.12,-2,65,35,-160,3
12:04:17.870 ,10560,3,10923,5,10219.69,1,9315.43,-4,9900,0,63,36,-158,3
12:04:18.011 ,10219.69,1,10560,3,10219.69,1,9315.43,-4,9900,0,65,35,-161,3
12:04:18.102 ,10560,3,10560,3,10219.69,1,8794.05,-7,9900,0,64,36,-159,3
12:04:18.196 ,10219.69,1,10219.69,1,9900,0,8553.95,-8,9900,0,64,37,-159,3
12:04:18.335 ,9900,0,10219.69,1,9599.12,-2,8794.05,-7,9599.12,-2,62,35,-160,3
12:04:18.431 ,10219.69,1,9900,0,9900,0,8326.15,-10,9900,0,62,34,-160,3
12:04:18.577 ,9900,0,9900,0,9599.12,-2,7008.91,-17,9900,0,63,36,-159,3
12:04:18.663 ,10560,3,9900,0,9900,0,8109.75,-11,9599.12,-2,63,37,-160,3
12:04:18.756 ,10219.69,1,9900,0,9599.12,-2,8109.75,-11,9900,0,64,36,-157,3
12:04:18.898 ,9900,0,9900,0,9599.12,-2,8109.75,-11,9900,0,64,37,-160,3
12:04:18.989 ,10219.69,1,9900,0,9900,0,8109.75,-11,9599.12,-2,65,38,-159,3
12:04:19.134 ,10219.69,1,9900,0,9315.43,-4,7903.9,-12,9599.12,-2,62,36,-162,3
12:04:19.220 ,10219.69,1,9599.12,-2,9599.12,-2,8326.15,-10,9599.12,-2,64,36,-160,3
12:04:19.320 ,9900,0,9900,0,9599.12,-2,8326.15,-10,9599.12,-2,63,35,-159,3
12:04:19.454 ,10219.69,1,9599.12,-2,9599.12,-2,8109.75,-11,9900,0,63,35,-160,3
12:05:26.022 ,10923,5,11311.04,7,10219.69,1,12173.33,13,11311.04,7,55,31,-100,0
12:05:26.162 ,10923,5,10923,5,9900,0,12173.33,13,11726.79,10,58,31,-98,0
12:05:26.256 ,10560,3,11726.79,10,9900,0,12173.33,13,11726.79,10,55,31,-99,0
12:05:26.348 ,10560,3,11311.04,7,9900,0,12654.23,15,11726.79,10,56,32,-101,1
12:05:26.488 ,10560,3,10923,5,9900,0,12654.23,15,11726.79,10,58,29,-101,1
12:05:26.581 ,11311.04,7,11311.04,7,9900,0,12173.33,13,11726.79,10,56,29,-101,1
12:05:26.720 ,12173.33,13,11311.04,7,10219.69,1,13736.25,22,12173.33,13,57,30,-99,1
12:05:26.814 ,14347.83,26,11311.04,7,9900,0,15745.71,34,16549.5,39,55,29,-99,1
12:05:26.908 ,15745.71,34,11311.04,7,10923,5,18425,50,23783.57,82,56,31,-101,1
12:05:27.050 ,16549.5,39,11311.04,7,12173.33,13,19528.23,57,33429,140,54,30,-99,1
12:05:27.143 ,19528.23,57,11311.04,7,13173.6,19,23783.57,82,33429,140,54,29,-102,1
12:05:27.236 ,18425,50,12654.23,15,13736.25,22,25638.46,93,41868.75,191,55,28,-100,1
12:05:27.379 ,22176,73,13173.6,19,15015,30,27802.5,106,41868.75,191,55,30,-100,1
12:05:27.471 ,22176,73,14347.83,26,17437.89,44,30360,122,47897.14,227,55,29,-101,1
12:05:27.613 ,25638.46,93,15015,30,20769.38,64,33429,140,55935,275,56,28,-100,2
12:05:27.706 ,27802.5,106,15745.71,34,25638.46,93,41868.75,191,47897.14,227,56,30,-101,2
12:05:27.802 ,30360,122,16549.5,39,25638.46,93,33429,140,47897.14,227,53,29,-102,2
12:05:27.941 ,30360,122,18425,50,27802.5,106,37180,163,41868.75,191,55,29,-101,2
12:05:28.034 ,30360,122,20769.38,64,27802.5,106,37180,163,47897.14,227,55,28,-103,2
12:05:28.174 ,30360,122,22176,73,33429,140,37180,163,41868.75,191,53,26,-101,2
12:05:28.268 ,33429,140,23783.57,82,30360,122,41868.75,191,47897.14,227,55,28,-102,2
12:05:28.362 ,30360,122,25638.46,93,33429,140,37180,163,41868.75,191,55,30,-104,2
12:05:28.502 ,30360,122,27802.5,106,37180,163,41868.75,191,41868.75,191,55,29,-104,2
12:05:28.595 ,33429,140,27802.5,106,37180,163,37180,163,41868.75,191,56,26,-104,2
12:05:28.736 ,30360,122,30360,122,33429,140,33429,140,41868.75,191,55,27,-104,2
12:05:28.829 ,33429,140,30360,122,37180,163,33429,140,41868.75,191,55,27,-104,2
12:05:28.923 ,30360,122,33429,140,47897.14,227,33429,140,41868.75,191,56,26,-106,2
12:05:29.064 ,30360,122,33429,140,41868.75,191,30360,122,47897.14,227,58,27,-103,2
12:05:29.156 ,23783.57,82,30360,122,41868.75,191,20769.38,64,37180,163,56,27,-103,2
12:05:29.296 ,20769.38,64,33429,140,41868.75,191,18425,50,41868.75,191,58,26,-105,2
12:05:29.389 ,18425,50,33429,140,37180,163,16549.5,39,37180,163,58,28,-101,2
12:05:29.481 ,16549.5,39,33429,140,33429,140,13173.6,19,20769.38,64,56,28,-103,2
12:05:29.622 ,15015,30,30360,122,30360,122,11726.79,10,17437.89,44,56,28,-104,2
12:05:29.716 ,15745.71,34,30360,122,20769.38,64,10923,5,15745.71,34,57,29,-102,2
12:05:29.812 ,14347.83,26,27802.5,106,19528.23,57,10560,3,14347.83,26,59,28,-103,2
12:05:29.946 ,12654.23,15,25638.46,93,13173.6,19,9900,0,12654.23,15,59,28,-103,1
12:05:30.047 ,11726.79,10,22176,73,11726.79,10,10219.69,1,12173.33,13,59,25,-104,1
12:05:30.189 ,11726.79,10,20769.38,64,10923,5,9900,0,11311.04,7,58,28,-104,1
12:05:30.276 ,11311.04,7,17437.89,44,10219.69,1,9599.12,-2,11726.79,10,59,25,-105,1
12:05:30.371 ,10560,3,16549.5,39,9900,0,9599.12,-2,11311.04,7,57,27,-105,1
12:05:30.509 ,10560,3,13173.6,19,9900,0,9599.12,-2,10923,5,59,25,-106,1
12:05:30.607 ,10560,3,11726.79,10,9900,0,9599.12,-2,10923,5,58,26,-106,1
12:05:30.741 ,10219.69,1,11726.79,10,9599.12,-2,9599.12,-2,10923,5,59,26,-102,1
12:05:30.835 ,10219.69,1,10923,5,9599.12,-2,9900,0,11311.04,7,59,27,-106,1
12:05:30.930 ,10219.69,1,10219.69,1,9599.12,-2,9599.12,-2,11726.79,10,58,26,-104,1
12:05:31.069 ,9900,0,9900,0,9599.12,-2,9599.12,-2,11726.79,10,58,26,-104,1
12:05:31.161 ,10560,3,9599.12,-2,9599.12,-2,9900,0,11311.04,7,56,24,-105,1
12:05:31.298 ,10219.69,1,9315.43,-4,9900,0,9599.12,-2,10923,5,59,27,-104,1
12:05:31.392 ,10219.69,1,9599.12,-2,9599.12,-2,9900,0,11311.04,7,58,25,-105,0
12:05:31.532 ,10219.69,1,9599.12,-2,9599.12,-2,9900,0,11726.79,10,57,26,-105,0
12:05:31.630 ,10219.69,1,9315.43,-4,9599.12,-2,9599.12,-2,11311.04,7,59,27,-104,0
12:06:02.020 ,9900,0,9599.12,-2,9599.12,-2,11726.79,10,11311.04,7,58,27,-103,0
12:06:02.160 ,10219.69,1,9900,0,9900,0,12173.33,13,10923,5,57,27,-103,0
12:06:02.252 ,10219.69,1,9599.12,-2,9900,0,12654.23,15,10923,5,57,27,-102,1
12:06:02.347 ,10219.69,1,9900,0,9599.12,-2,12173.33,13,11311.04,7,57,28,-103,1
12:06:02.484 ,10219.69,1,10219.69,1,9900,0,13173.6,19,11311.04,7,58,27,-103,1
12:06:02.578 ,10219.69,1,10923,5,9315.43,-4,14347.83,26,13173.6,19,58,25,-103,1
12:06:02.719 ,10219.69,1,12173.33,13,9315.43,-4,13736.25,22,17437.89,44,58,26,-103,1
12:06:02.811 ,11311.04,7,13736.25,22,9599.12,-2,14347.83,26,22176,73,57,27,-104,1
12:06:02.907 ,12173.33,13,16549.5,39,10219.69,1,15745.71,34,27802.5,106,57,26,-103,1
12:06:03.047 ,14347.83,26,17437.89,44,11311.04,7,17437.89,44,33429,140,57,26,-102,1
12:06:03.141 ,15745.71,34,19528.23,57,12654.23,15,18425,50,47897.14,227,57,28,-104,1
12:06:03.279 ,17437.89,44,22176,73,8553.95,-8,22176,73,55935,275,57,27,-104,1
12:06:03.374 ,17437.89,44,25638.46,93,9599.12,-2,20769.38,64,41868.75,191,59,25,-106,1
12:06:03.469 ,19528.23,57,27802.5,106,11311.04,7,22176,73,55935,275,59,24,-102,1
12:06:03.607 ,20769.38,64,27802.5,106,11311.04,7,23783.57,82,47897.14,227,58,27,-107,1
12:06:03.699 ,22176,73,30360,122,9900,0,25638.46,93,41868.75,191,58,27,-104,1
12:06:03.839 ,23783.57,82,33429,140,22176,73,25638.46,93,41868.75,191,57,23,-104,1
12:06:03.931 ,25638.46,93,33429,140,30360,122,27802.5,106,41868.75,191,61,25,-107,2
12:06:04.025 ,30360,122,33429,140,22176,73,30360,122,47897.14,227,61,26,-106,2
12:06:04.164 ,27802.5,106,37180,163,23783.57,82,27802.5,106,41868.75,191,62,26,-104,2
12:06:04.256 ,33429,140,37180,163,19528.23,57,33429,140,47897.14,227,61,24,-107,2
12:06:04.396 ,30360,122,30360,122,0.65,-60,33429,140,41868.75,191,59,26,-105,2
12:06:04.486 ,33429,140,33429,140,0.97,-60,41868.75,191,47897.14,227,61,27,-106,2
12:06:04.625 ,33429,140,33429,140,1.3,-59,37180,163,47897.14,227,60,24,-105,2
12:06:04.720 ,33429,140,30360,122,0.65,-60,37180,163,41868.75,191,60,24,-107,2
12:06:04.813 ,33429,140,30360,122,1.3,-59,41868.75,191,41868.75,191,61,22,-106,2
12:06:04.951 ,27802.5,106,30360,122,0.97,-60,41868.75,191,47897.14,227,62,23,-106,2
12:06:05.047 ,30360,122,27802.5,106,0.65,-60,37180,163,41868.75,191,60,25,-106,2
12:06:05.185 ,25638.46,93,23783.57,82,1.3,-59,37180,163,41868.75,191,62,26,-106,2
12:06:05.277 ,23783.57,82,23783.57,82,0,-60,41868.75,191,41868.75,191,62,26,-106,2
12:06:05.373 ,22176,73,17437.89,44,0.97,-60,41868.75,191,27802.5,106,61,26,-106,2
12:06:05.514 ,20769.38,64,13736.25,22,0.65,-60,41868.75,191,18425,50,61,26,-106,2
12:06:05.604 ,19528.23,57,12173.33,13,0.97,-60,37180,163,14347.83,26,60,25,-105,1
12:06:05.745 ,19528.23,57,11311.04,7,1.3,-59,37180,163,13736.25,22,62,27,-105,1
12:06:05.837 ,18425,50,10560,3,0.65,-60,37180,163,13173.6,19,62,24,-104,2
12:06:05.932 ,19528.23,57,10219.69,1,2.93,-59,37180,163,11726.79,10,61,26,-104,1
12:06:06.072 ,16549.5,39,10219.69,1,37180,163,30360,122,11726.79,10,61,28,-105,0
12:06:06.164 ,15745.71,34,9599.12,-2,23783.57,82,19528.23,57,11311.04,7,61,27,-107,0
12:06:06.303 ,15015,30,9599.12,-2,17437.89,44,15015,30,11311.04,7,59,26,-105,0
12:06:06.397 ,14347.83,26,9047.5,-5,15015,30,14347.83,26,11311.04,7,60,26,-104,0
12:06:06.491 ,13173.6,19,9315.43,-4,12173.33,13,13736.25,22,11311.04,7,60,24,-105,0
12:06:06.629 ,12173.33,13,9599.12,-2,11311.04,7,15015,30,11311.04,7,59,26,-106,0
12:06:06.722 ,12173.33,13,9315.43,-4,11311.04,7,13173.6,19,10923,5,58,25,-107,0
12:06:06.861 ,11311.04,7,9315.43,-4,10923,5,12173.33,13,11311.04,7,59,26,-107,0
12:06:06.959 ,10923,5,9315.43,-4,10923,5,11726.79,10,11311.04,7,59,24,-105,0
12:06:07.046 ,10560,3,9315.43,-4,10219.69,1,10923,5,10923,5,60,26,-107,0
12:06:07.188 ,10560,3,9047.5,-5,10219.69,1,10923,5,11726.79,10,61,26,-106,0
12:06:07.278 ,10219.69,1,9315.43,-4,10219.69,1,10560,3,10923,5,60,26,-107,0
12:06:07.427 ,9900,0,9047.5,-5,9900,0,10560,3,11311.04,7,60,24,-105,0
12:06:07.510 ,10219.69,1,9047.5,-5,9599.12,-2,10560,3,10923,5,62,24,-106,0
12:06:07.656 ,9900,0,9315.43,-4,9900,0,10219.69,1,11726.79,10,60,25,-106,0
12:06:30.379 ,10219.69,1,9599.12,-2,10560,3,9599.12,-2,11311.04,7,63,26,-103,0
12:06:30.472 ,10219.69,1,10219.69,1,10219.69,1,9599.12,-2,11726.79,10,63,27,-104,0
12:06:30.613 ,9900,0,9599.12,-2,10560,3,9900,0,12173.33,13,61,25,-104,0
12:06:30.705 ,9900,0,9599.12,-2,10219.69,1,9599.12,-2,11726.79,10,63,25,-106,0
12:06:30.842 ,10560,3,9900,0,10560,3,9599.12,-2,12654.23,15,64,25,-105,0
12:06:30.935 ,10219.69,1,10219.69,1,10923,5,9599.12,-2,15745.71,34,63,26,-106,0
12:06:31.075 ,11311.04,7,10560,3,11311.04,7,9900,0,27802.5,106,64,26,-107,0
12:06:31.168 ,12654.23,15,11726.79,10,11726.79,10,9599.12,-2,37180,163,66,27,-105,0
12:06:31.262 ,13736.25,22,12173.33,13,12654.23,15,9315.43,-4,47897.14,227,64,27,-104,0
12:06:31.400 ,15745.71,34,13173.6,19,13736.25,22,9900,0,47897.14,227,65,26,-107,0
12:06:31.493 ,16549.5,39,13736.25,22,15745.71,34,12173.33,13,47897.14,227,66,25,-105,1
12:06:31.635 ,16549.5,39,15015,30,15015,30,13173.6,19,47897.14,227,65,28,-104,1
12:06:31.728 ,18425,50,17437.89,44,7707.86,-13,15015,30,47897.14,227,65,26,-105,1
12:06:31.821 ,19528.23,57,18425,50,8326.15,-10,15015,30,47897.14,227,64,26,-104,1
12:06:31.961 ,20769.38,64,18425,50,10560,3,16549.5,39,47897.14,227,67,27,-105,1
12:06:32.055 ,22176,73,20769.38,64,15015,30,16549.5,39,41868.75,191,65,27,-105,1
12:06:32.149 ,23783.57,82,23783.57,82,16549.5,39,16549.5,39,55935,275,67,27,-106,1
12:06:32.288 ,27802.5,106,22176,73,18425,50,17437.89,44,47897.14,227,67,26,-105,1
12:06:32.384 ,27802.5,106,23783.57,82,20769.38,64,18425,50,47897.14,227,65,25,-105,1
12:06:32.522 ,27802.5,106,23783.57,82,20769.38,64,19528.23,57,55935,275,64,28,-107,1
12:06:32.616 ,30360,122,27802.5,106,16549.5,39,22176,73,47897.14,227,64,25,-106,1
12:06:32.710 ,27802.5,106,25638.46,93,17437.89,44,25638.46,93,55935,275,62,27,-106,1
12:06:32.850 ,30360,122,25638.46,93,16549.5,39,25638.46,93,47897.14,227,66,27,-106,2
12:06:32.942 ,30360,122,27802.5,106,17437.89,44,27802.5,106,47897.14,227,66,28,-105,2
12:06:33.083 ,33429,140,33429,140,17437.89,44,30360,122,55935,275,65,27,-106,2
12:06:33.176 ,30360,122,30360,122,17437.89,44,30360,122,41868.75,191,68,26,-106,2
12:06:33.270 ,30360,122,33429,140,19528.23,57,33429,140,41868.75,191,65,27,-105,2
12:06:33.410 ,30360,122,33429,140,17437.89,44,30360,122,27802.5,106,66,28,-104,2
12:06:33.505 ,27802.5,106,37180,163,17437.89,44,25638.46,93,22176,73,65,27,-106,2
12:06:33.643 ,25638.46,93,37180,163,18425,50,30360,122,19528.23,57,66,27,-105,2
12:06:33.735 ,20769.38,64,37180,163,18425,50,33429,140,15745.71,34,65,28,-103,2
12:06:33.828 ,22176,73,41868.75,191,37180,163,37180,163,15015,30,68,29,-105,2
12:06:33.968 ,19528.23,57,33429,140,33429,140,41868.75,191,12173.33,13,65,28,-104,2
12:06:34.062 ,20769.38,64,33429,140,27802.5,106,37180,163,12173.33,13,68,28,-104,2
12:06:34.201 ,17437.89,44,33429,140,25638.46,93,41868.75,191,12173.33,13,66,29,-104,2
12:06:34.294 ,18425,50,23783.57,82,17437.89,44,37180,163,11726.79,10,66,28,-105,2
12:06:34.389 ,17437.89,44,15745.71,34,15015,30,33429,140,11726.79,10,67,30,-105,2
12:06:34.529 ,16549.5,39,12173.33,13,12654.23,15,33429,140,11726.79,10,67,28,-104,1
12:06:34.624 ,15015,30,10923,5,11311.04,7,37180,163,11726.79,10,68,26,-105,1
12:06:34.765 ,15745.71,34,10219.69,1,10923,5,41868.75,191,11726.79,10,65,27,-106,1
12:06:34.859 ,14347.83,26,9900,0,10219.69,1,37180,163,11311.04,7,65,27,-104,1
12:06:34.950 ,13173.6,19,9599.12,-2,10219.69,1,33429,140,11726.79,10,65,28,-107,0
12:06:35.092 ,11726.79,10,9315.43,-4,9599.12,-2,33429,140,11726.79,10,66,26,-105,0
12:06:35.186 ,11311.04,7,9599.12,-2,9315.43,-4,23783.57,82,11726.79,10,65,26,-104,0
12:06:35.324 ,10219.69,1,9315.43,-4,9315.43,-4,19528.23,57,11726.79,10,67,26,-104,0
12:06:35.418 ,10219.69,1,9047.5,-5,7903.9,-12,14347.83,26,12173.33,13,66,28,-106,0
12:06:35.511 ,10560,3,9047.5,-5,4634.56,-32,13173.6,19,11726.79,10,66,28,-103,0
12:06:35.650 ,9900,0,9047.5,-5,9315.43,-4,12654.23,15,12173.33,13,69,27,-103,0
12:06:35.741 ,9900,0,9047.5,-5,9599.12,-2,11311.04,7,12173.33,13,66,29,-105,0
12:06:35.886 ,9900,0,9047.5,-5,9900,0,10923,5,11726.79,10,65,30,-105,0
12:06:35.984 ,10219.69,1,9315.43,-4,9315.43,-4,10560,3,11726.79,10,67,29,-105,0
12:07:20.976 ,10560,3,10219.69,1,10560,3,7342.5,-15,12173.33,13,64,29,-102,0
12:07:21.117 ,10219.69,1,10219.69,1,11311.04,7,7342.5,-15,12654.23,15,61,28,-102,0
12:07:21.210 ,10560,3,10219.69,1,11726.79,10,7172,-16,12654.23,15,63,29,-101,0
12:07:21.302 ,10219.69,1,10560,3,12654.23,15,7172,-16,11726.79,10,62,28,-103,0
12:07:21.442 ,10560,3,10219.69,1,13736.25,22,7342.5,-15,11726.79,10,62,28,-101,0
12:07:21.536 ,10560,3,10560,3,15015,30,7342.5,-15,12173.33,13,62,28,-101,0
12:07:21.677 ,10560,3,10923,5,16549.5,39,7342.5,-15,12654.23,15,62,29,-101,0
12:07:21.774 ,10923,5,11726.79,10,18425,50,7342.5,-15,12654.23,15,64,29,-103,0
12:07:21.861 ,11311.04,7,13173.6,19,20769.38,64,7342.5,-15,13173.6,19,64,26,-102,0
12:07:22.002 ,12173.33,13,15015,30,20769.38,64,7172,-16,13173.6,19,63,28,-103,0
12:07:22.095 ,12654.23,15,15015,30,20769.38,64,7520.93,-14,13736.25,22,61,29,-100,0
12:07:22.235 ,12654.23,15,17437.89,44,22176,73,7520.93,-14,15015,30,61,29,-99,0
12:07:22.330 ,14347.83,26,18425,50,23783.57,82,8326.15,-10,15745.71,34,61,27,-104,0
12:07:22.420 ,15015,30,18425,50,25638.46,93,9047.5,-5,19528.23,57,63,29,-101,0
12:07:22.559 ,15745.71,34,19528.23,57,25638.46,93,9315.43,-4,23783.57,82,61,27,-101,0
12:07:22.654 ,17437.89,44,19528.23,57,27802.5,106,10219.69,1,27802.5,106,63,26,-102,0
12:07:22.794 ,20769.38,64,20769.38,64,30360,122,10560,3,27802.5,106,63,28,-103,1
12:07:22.887 ,20769.38,64,22176,73,25638.46,93,11726.79,10,30360,122,63,27,-102,1
12:07:22.982 ,20769.38,64,22176,73,25638.46,93,12173.33,13,33429,140,62,28,-101,1
12:07:23.122 ,18425,50,23783.57,82,25638.46,93,13736.25,22,30360,122,61,27,-102,1
12:07:23.215 ,20769.38,64,25638.46,93,30360,122,14347.83,26,33429,140,61,27,-101,1
12:07:23.357 ,18425,50,23783.57,82,27802.5,106,15015,30,30360,122,60,28,-102,1
12:07:23.449 ,18425,50,27802.5,106,25638.46,93,17437.89,44,30360,122,63,26,-101,1
12:07:23.542 ,18425,50,25638.46,93,23783.57,82,18425,50,27802.5,106,62,29,-101,1
12:07:23.682 ,17437.89,44,27802.5,106,22176,73,19528.23,57,30360,122,62,28,-102,1
12:07:23.775 ,17437.89,44,25638.46,93,22176,73,19528.23,57,37180,163,59,26,-102,1
12:07:23.915 ,18425,50,25638.46,93,22176,73,19528.23,57,30360,122,60,29,-101,1
12:07:24.010 ,18425,50,25638.46,93,20769.38,64,19528.23,57,30360,122,62,29,-104,1
12:07:24.101 ,18425,50,27802.5,106,19528.23,57,19528.23,57,27802.5,106,62,28,-103,1
12:07:24.244 ,16549.5,39,25638.46,93,19528.23,57,18425,50,23783.57,82,62,27,-103,1
12:07:24.339 ,12654.23,15,23783.57,82,17437.89,44,18425,50,20769.38,64,61,26,-102,1
12:07:24.431 ,12173.33,13,22176,73,15015,30,17437.89,44,16549.5,39,60,27,-103,1
12:07:24.570 ,11311.04,7,22176,73,14347.83,26,16549.5,39,14347.83,26,61,27,-102,1
12:07:24.664 ,10560,3,20769.38,64,12654.23,15,15015,30,13736.25,22,59,28,-104,0
12:07:24.806 ,10219.69,1,19528.23,57,11726.79,10,12654.23,15,12654.23,15,60,27,-103,0
12:07:24.898 ,10219.69,1,17437.89,44,10560,3,13173.6,19,11726.79,10,62,27,-104,0
12:07:24.998 ,10219.69,1,16549.5,39,10560,3,12173.33,13,11726.79,10,61,28,-103,0
12:07:25.132 ,9900,0,15745.71,34,10219.69,1,10923,5,10923,5,62,27,-102,0
12:07:25.221 ,10219.69,1,13736.25,22,9900,0,10219.69,1,11311.04,7,62,29,-103,0
12:07:25.362 ,10219.69,1,12654.23,15,9599.12,-2,9315.43,-4,11311.04,7,59,29,-102,0
12:07:25.452 ,9900,0,12173.33,13,9599.12,-2,9047.5,-5,10560,3,63,29,-101,0
12:07:25.548 ,9900,0,11726.79,10,9900,0,8553.95,-8,10923,5,61,26,-102,0
12:07:25.686 ,9900,0,11311.04,7,9900,0,8326.15,-10,11311.04,7,61,26,-103,0
12:07:25.780 ,9900,0,10560,3,9900,0,8109.75,-11,11311.04,7,60,28,-102,0
12:07:25.921 ,10219.69,1,10219.69,1,9599.12,-2,8109.75,-11,11311.04,7,59,27,-101,0
12:07:26.013 ,10219.69,1,9599.12,-2,9599.12,-2,8109.75,-11,10923,5,65,28,-103,0
12:07:26.108 ,10219.69,1,9599.12,-2,9900,0,7520.93,-14,11311.04,7,61,27,-102,0
12:07:26.250 ,10219.69,1,9315.43,-4,9599.12,-2,7707.86,-13,10560,3,63,28,-102,0
12:07:26.340 ,9599.12,-2,9599.12,-2,10219.69,1,7172,-16,10923,5,61,28,-103,0
12:07:26.480 ,9900,0,9599.12,-2,9900,0,7008.91,-17,10923,5,61,28,-100,0
12:07:26.574 ,9900,0,9315.43,-4,9599.12,-2,7008.91,-17,11311.04,7,64,28,-104,0
12:07:54.253 ,10560,3,10219.69,1,9599.12,-2,9599.12,-2,10560,3,45,35,-95,0
12:07:54.346 ,10560,3,10219.69,1,9599.12,-2,9599.12,-2,11311.04,7,44,33,-96,0
12:07:54.485 ,10560,3,9900,0,9599.12,-2,9599.12,-2,10923,5,44,35,-97,0
12:07:54.581 ,10923,5,9900,0,9599.12,-2,9599.12,-2,10923,5,43,36,-95,0
12:07:54.721 ,11311.04,7,10219.69,1,9900,0,9900,0,10923,5,44,33,-97,0
12:07:54.814 ,10560,3,10219.69,1,9599.12,-2,9599.12,-2,10923,5,44,35,-96,0
12:07:54.908 ,11311.04,7,9900,0,9900,0,9900,0,13173.6,19,45,33,-96,0
12:07:55.046 ,11726.79,10,10219.69,1,9900,0,9900,0,14347.83,26,43,35,-96,0
12:07:55.140 ,12173.33,13,10923,5,9900,0,9900,0,15745.71,34,43,34,-95,0
12:07:55.279 ,12654.23,15,12173.33,13,10923,5,10923,5,15745.71,34,44,34,-94,0
12:07:55.373 ,13736.25,22,12654.23,15,12173.33,13,12173.33,13,17437.89,44,43,35,-97,1
12:07:55.468 ,13736.25,22,12654.23,15,13173.6,19,13173.6,19,18425,50,44,34,-97,1
12:07:55.607 ,13736.25,22,14347.83,26,13736.25,22,13736.25,22,20769.38,64,45,34,-98,1
12:07:55.700 ,15015,30,16549.5,39,15745.71,34,15745.71,34,20769.38,64,43,36,-95,1
12:07:55.839 ,15015,30,16549.5,39,16549.5,39,16549.5,39,19528.23,57,42,35,-96,1
12:07:55.933 ,16549.5,39,17437.89,44,17437.89,44,17437.89,44,20769.38,64,44,32,-95,1
12:07:56.025 ,17437.89,44,18425,50,20769.38,64,20769.38,64,19528.23,57,43,34,-95,1
12:07:56.167 ,17437.89,44,20769.38,64,23783.57,82,23783.57,82,23783.57,82,43,33,-97,1
12:07:56.259 ,20769.38,64,22176,73,22176,73,22176,73,25638.46,93,44,33,-98,1
12:07:56.398 ,20769.38,64,23783.57,82,25638.46,93,25638.46,93,25638.46,93,45,34,-97,1
12:07:56.492 ,22176,73,25638.46,93,23783.57,82,23783.57,82,27802.5,106,46,35,-97,1
12:07:56.584 ,22176,73,25638.46,93,25638.46,93,25638.46,93,25638.46,93,43,34,-96,1
12:07:56.722 ,20769.38,64,25638.46,93,25638.46,93,25638.46,93,27802.5,106,42,34,-98,1
12:07:56.816 ,23783.57,82,27802.5,106,25638.46,93,25638.46,93,27802.5,106,44,34,-96,1
12:07:56.958 ,23783.57,82,27802.5,106,23783.57,82,23783.57,82,27802.5,106,43,32,-96,1
12:07:57.050 ,23783.57,82,27802.5,106,23783.57,82,23783.57,82,27802.5,106,43,34,-96,1
12:07:57.146 ,23783.57,82,27802.5,106,27802.5,106,27802.5,106,27802.5,106,42,34,-97,1
12:07:57.286 ,25638.46,93,27802.5,106,25638.46,93,25638.46,93,30360,122,42,36,-98,1
12:07:57.378 ,25638.46,93,27802.5,106,27802.5,106,27802.5,106,25638.46,93,43,32,-97,1
12:07:57.521 ,22176,73,23783.57,82,25638.46,93,25638.46,93,27802.5,106,43,35,-97,1
12:07:57.615 ,23783.57,82,20769.38,64,23783.57,82,23783.57,82,27802.5,106,45,35,-96,1
12:07:57.708 ,25638.46,93,18425,50,25638.46,93,25638.46,93,27802.5,106,43,33,-96,1
12:07:57.845 ,27802.5,106,15015,30,23783.57,82,23783.57,82,27802.5,106,45,35,-97,1
12:07:57.938 ,23783.57,82,13736.25,22,22176,73,22176,73,27802.5,106,43,35,-98,1
12:07:58.076 ,23783.57,82,13173.6,19,20769.38,64,20769.38,64,27802.5,106,44,34,-97,1
12:07:58.170 ,22176,73,12654.23,15,17437.89,44,17437.89,44,25638.46,93,45,33,-98,1
12:07:58.265 ,19528.23,57,12173.33,13,16549.5,39,16549.5,39,25638.46,93,44,33,-97,1
12:07:58.403 ,17437.89,44,11726.79,10,15745.71,34,15745.71,34,23783.57,82,45,32,-98,1
12:07:58.496 ,16549.5,39,10560,3,16549.5,39,16549.5,39,20769.38,64,45,33,-97,1
12:07:58.636 ,15745.71,34,10219.69,1,14347.83,26,14347.83,26,19528.23,57,45,31,-96,1
12:07:58.731 ,14347.83,26,9900,0,14347.83,26,14347.83,26,18425,50,45,34,-97,1
12:07:58.822 ,15015,30,9315.43,-4,13736.25,22,13736.25,22,17437.89,44,44,32,-98,1
12:07:58.971 ,13173.6,19,9315.43,-4,13173.6,19,13173.6,19,16549.5,39,45,34,-97,1
12:07:59.066 ,13173.6,19,9315.43,-4,12173.33,13,12173.33,13,16549.5,39,45,34,-97,0
12:07:59.196 ,12173.33,13,9047.5,-5,11311.04,7,11311.04,7,15015,30,43,34,-96,0
12:07:59.289 ,12173.33,13,9315.43,-4,10560,3,10560,3,15015,30,44,33,-98,0
12:07:59.385 ,11726.79,10,9315.43,-4,10560,3,10560,3,13736.25,22,44,34,-96,0
12:07:59.523 ,11311.04,7,9047.5,-5,9599.12,-2,9599.12,-2,13173.6,19,44,35,-97,0
12:07:59.618 ,10923,5,9315.43,-4,9900,0,9900,0,12654.23,15,44,34,-99,0
12:07:59.714 ,10560,3,9315.43,-4,9900,0,9900,0,11726.79,10,42,33,-98,0
12:07:59.850 ,10560,3,9047.5,-5,9900,0,9900,0,11311.04,7,44,34,-98,0
12:08:28.868 ,10923,5,9900,0,9900,0,9900,0,11311.04,7,45,31,-96,0
12:08:28.962 ,10560,3,9599.12,-2,9599.12,-2,9599.12,-2,11726.79,10,45,33,-96,0
12:08:29.104 ,10560,3,9900,0,9315.43,-4,9315.43,-4,10923,5,44,34,-96,0
12:08:29.197 ,10560,3,9599.12,-2,9900,0,9900,0,11311.04,7,45,32,-96,0
12:08:29.338 ,10923,5,9599.12,-2,9599.12,-2,9599.12,-2,10923,5,47,31,-98,0
12:08:29.431 ,10923,5,10219.69,1,9599.12,-2,9599.12,-2,11311.04,7,47,33,-98,0
12:08:29.523 ,11311.04,7,9599.12,-2,9599.12,-2,9599.12,-2,10923,5,45,31,-99,0
12:08:29.663 ,13736.25,22,9900,0,10560,3,10560,3,10923,5,44,31,-99,0
12:08:29.756 ,13736.25,22,9599.12,-2,13173.6,19,13173.6,19,10923,5,44,32,-99,1
12:08:29.896 ,15015,30,10560,3,16549.5,39,16549.5,39,10923,5,43,32,-97,1
12:08:29.989 ,15745.71,34,10923,5,18425,50,18425,50,10923,5,43,32,-98,1
12:08:30.084 ,17437.89,44,12173.33,13,19528.23,57,19528.23,57,10923,5,45,31,-101,1
12:08:30.225 ,17437.89,44,13736.25,22,22176,73,22176,73,11311.04,7,44,33,-97,1
12:08:30.321 ,19528.23,57,14347.83,26,23783.57,82,23783.57,82,11311.04,7,44,33,-98,1
12:08:30.459 ,18425,50,15015,30,23783.57,82,23783.57,82,11726.79,10,44,30,-98,1
12:08:30.552 ,19528.23,57,15745.71,34,23783.57,82,23783.57,82,15745.71,34,43,31,-100,1
12:08:30.647 ,19528.23,57,16549.5,39,25638.46,93,25638.46,93,18425,50,42,32,-97,1
12:08:30.786 ,20769.38,64,17437.89,44,23783.57,82,23783.57,82,19528.23,57,43,32,-99,1
12:08:30.882 ,20769.38,64,18425,50,25638.46,93,25638.46,93,20769.38,64,44,33,-100,1
12:08:31.020 ,19528.23,57,20769.38,64,25638.46,93,25638.46,93,22176,73,43,32,-98,1
12:08:31.113 ,19528.23,57,20769.38,64,27802.5,106,27802.5,106,23783.57,82,43,34,-99,1
12:08:31.205 ,18425,50,22176,73,25638.46,93,25638.46,93,25638.46,93,41,32,-99,1
12:08:31.345 ,18425,50,25638.46,93,25638.46,93,25638.46,93,23783.57,82,43,32,-101,1
12:08:31.438 ,18425,50,23783.57,82,25638.46,93,25638.46,93,25638.46,93,44,31,-99,1
12:08:31.580 ,17437.89,44,23783.57,82,25638.46,93,25638.46,93,27802.5,106,44,32,-99,1
12:08:31.672 ,15015,30,25638.46,93,27802.5,106,27802.5,106,27802.5,106,42,31,-101,1
12:08:31.764 ,15015,30,23783.57,82,27802.5,106,27802.5,106,25638.46,93,41,30,-100,1
12:08:31.904 ,13736.25,22,22176,73,27802.5,106,27802.5,106,23783.57,82,44,32,-99,1
12:08:31.998 ,12654.23,15,19528.23,57,25638.46,93,25638.46,93,23783.57,82,41,30,-100,1
12:08:32.140 ,11726.79,10,18425,50,25638.46,93,25638.46,93,25638.46,93,42,31,-102,1
12:08:32.231 ,11311.04,7,17437.89,44,16549.5,39,16549.5,39,25638.46,93,41,33,-100,1
12:08:32.325 ,11311.04,7,15745.71,34,12654.23,15,12654.23,15,23783.57,82,43,34,-99,1
12:08:32.467 ,10923,5,14347.83,26,12173.33,13,12173.33,13,25638.46,93,43,31,-98,1
12:08:32.561 ,10923,5,14347.83,26,11311.04,7,11311.04,7,23783.57,82,43,31,-98,1
12:08:32.653 ,10560,3,13173.6,19,10560,3,10560,3,23783.57,82,43,33,-99,1
12:08:32.794 ,10560,3,12173.33,13,9599.12,-2,9599.12,-2,25638.46,93,42,31,-99,0
12:08:32.886 ,10560,3,12173.33,13,9900,0,9900,0,25638.46,93,43,31,-99,0
12:08:33.028 ,10219.69,1,11311.04,7,9900,0,9900,0,23783.57,82,42,31,-99,0
12:08:33.117 ,10923,5,10560,3,9599.12,-2,9599.12,-2,20769.38,64,41,32,-100,0
12:08:33.214 ,10219.69,1,9315.43,-4,10219.69,1,10219.69,1,16549.5,39,43,30,-98,0
12:08:33.357 ,10219.69,1,9599.12,-2,9900,0,9900,0,15745.71,34,42,32,-99,0
12:08:33.449 ,10219.69,1,9900,0,9900,0,9900,0,14347.83,26,39,33,-98,0
12:08:33.589 ,10560,3,9900,0,9900,0,9900,0,13736.25,22,40,31,-98,0
12:08:33.680 ,10219.69,1,9315.43,-4,9599.12,-2,9599.12,-2,12654.23,15,43,32,-97,0
12:08:33.774 ,10219.69,1,9599.12,-2,9599.12,-2,9599.12,-2,12173.33,13,43,33,-99,0
12:08:33.915 ,10560,3,9315.43,-4,9900,0,9900,0,11311.04,7,43,33,-99,0
12:08:34.004 ,10219.69,1,9315.43,-4,9599.12,-2,9599.12,-2,11311.04,7,43,32,-100,0
12:08:34.146 ,10560,3,9315.43,-4,9900,0,9900,0,11311.04,7,42,31,-99,0
12:08:34.238 ,10219.69,1,9047.5,-5,9900,0,9900,0,11311.04,7,43,31,-102,0
12:08:34.333 ,10219.69,1,9315.43,-4,9599.12,-2,9599.12,-2,10560,3,41,32,-100,0
12:08:34.470 ,9900,0,9047.5,-5,9599.12,-2,9599.12,-2,10923,5,42,32,-100,0
11:25:19.259 ,12654.23,15,12173.33,13,11311.04,7,11311.04,7,12654.23,15,-40,32,-61,0
11:25:19.351 ,12654.23,15,12173.33,13,11726.79,10,10923,5,12654.23,15,-43,33,-65,0
11:25:19.443 ,12173.33,13,12173.33,13,11311.04,7,11726.79,10,13173.6,19,-42,34,-66,0
11:25:19.582 ,12654.23,15,11726.79,10,11726.79,10,11726.79,10,12654.23,15,-43,33,-66,0
11:25:19.676 ,12173.33,13,12654.23,15,11311.04,7,11311.04,7,13173.6,19,-43,35,-64,0
11:25:19.768 ,12654.23,15,12654.23,15,11726.79,10,11311.04,7,12654.23,15,-43,32,-64,0
11:25:19.864 ,12173.33,13,12173.33,13,11311.04,7,11311.04,7,12654.23,15,-43,32,-66,0
11:25:20.005 ,12173.33,13,13173.6,19,11726.79,10,11311.04,7,13173.6,19,-42,34,-67,0
11:25:20.099 ,12173.33,13,14347.83,26,11726.79,10,11311.04,7,13173.6,19,-41,33,-66,0
11:25:20.194 ,12654.23,15,14347.83,26,11311.04,7,11311.04,7,13736.25,22,-42,34,-65,0
11:25:20.287 ,13736.25,22,16549.5,39,11311.04,7,11311.04,7,13736.25,22,-41,34,-67,1
11:25:20.381 ,15015,30,19528.23,57,11726.79,10,11311.04,7,13736.25,22,-42,34,-63,1
11:25:20.520 ,15745.71,34,25638.46,93,11311.04,7,11311.04,7,14347.83,26,-41,32,-64,1
11:25:20.614 ,17437.89,44,33429,140,12173.33,13,11726.79,10,14347.83,26,-41,33,-65,1
11:25:20.706 ,20769.38,64,33429,140,11726.79,10,11311.04,7,14347.83,26,-41,32,-62,1
11:25:20.800 ,22176,73,41868.75,191,12173.33,13,11311.04,7,13736.25,22,-39,34,-62,2
11:25:20.941 ,25638.46,93,41868.75,191,16549.5,39,11311.04,7,13736.25,22,-40,34,-60,2
11:25:21.035 ,27802.5,106,41868.75,191,25638.46,93,11726.79,10,15015,30,-37,35,-58,2
11:25:21.131 ,27802.5,106,37180,163,37180,163,11311.04,7,14347.83,26,-36,37,-55,2
11:25:21.226 ,30360,122,41868.75,191,47897.14,227,11311.04,7,14347.83,26,-31,33,-51,2
11:25:21.367 ,25638.46,93,37180,163,41868.75,191,11726.79,10,14347.83,26,-24,29,-44,2
11:25:21.460 ,27802.5,106,37180,163,41868.75,191,11311.04,7,13736.25,22,-14,27,-39,2
11:25:21.555 ,25638.46,93,33429,140,47897.14,227,11726.79,10,13736.25,22,-14,29,-39,2
11:25:21.648 ,27802.5,106,33429,140,47897.14,227,10923,5,13736.25,22,-15,30,-40,2
11:25:21.789 ,27802.5,106,41868.75,191,37180,163,11726.79,10,12654.23,15,-20,32,-43,2
11:25:21.882 ,27802.5,106,41868.75,191,41868.75,191,11311.04,7,12173.33,13,-22,31,-44,2
11:25:21.975 ,25638.46,93,41868.75,191,37180,163,11726.79,10,12654.23,15,-23,33,-46,2
11:25:22.070 ,27802.5,106,30360,122,37180,163,12173.33,13,12654.23,15,-25,32,-46,2
11:25:22.208 ,30360,122,27802.5,106,41868.75,191,13736.25,22,12654.23,15,-27,32,-47,2
11:25:22.301 ,27802.5,106,22176,73,41868.75,191,20769.38,64,11726.79,10,-25,32,-46,2
11:25:22.397 ,25638.46,93,17437.89,44,37180,163,37180,163,12173.33,13,-28,32,-46,2
11:25:22.491 ,27802.5,106,13736.25,22,41868.75,191,47897.14,227,12173.33,13,-27,30,-49,2
11:25:22.584 ,30360,122,12654.23,15,41868.75,191,47897.14,227,12654.23,15,-29,28,-51,2
11:25:22.724 ,27802.5,106,11726.79,10,41868.75,191,55935,275,12173.33,13,-31,32,-50,2
11:25:22.818 ,27802.5,106,10560,3,37180,163,47897.14,227,12173.33,13,-30,29,-50,2
11:25:22.911 ,22176,73,10560,3,30360,122,47897.14,227,12654.23,15,-33,30,-54,2
11:25:23.006 ,22176,73,10560,3,20769.38,64,41868.75,191,12173.33,13,-37,32,-58,1
11:25:23.147 ,18425,50,10219.69,1,14347.83,26,41868.75,191,12173.33,13,-37,31,-61,1
11:25:23.239 ,16549.5,39,10560,3,10923,5,47897.14,227,12173.33,13,-41,32,-61,1
11:25:23.332 ,15015,30,10560,3,10560,3,47897.14,227,12173.33,13,-41,32,-63,1
11:25:23.427 ,15745.71,34,9900,0,10219.69,1,41868.75,191,12654.23,15,-42,31,-66,1
11:25:23.568 ,14347.83,26,10560,3,10219.69,1,47897.14,227,12173.33,13,-42,30,-65,1
11:25:23.661 ,14347.83,26,9900,0,10560,3,47897.14,227,12654.23,15,-43,31,-67,1
11:25:23.754 ,13173.6,19,10560,3,10560,3,41868.75,191,12173.33,13,-41,29,-66,0
11:25:23.848 ,12654.23,15,10560,3,10560,3,41868.75,191,11726.79,10,-43,29,-67,0
11:25:23.987 ,13173.6,19,10560,3,10560,3,41868.75,191,12173.33,13,-43,30,-66,0
11:25:24.080 ,13173.6,19,10560,3,10560,3,41868.75,191,12173.33,13,-42,30,-68,0
11:25:24.175 ,12173.33,13,10560,3,10923,5,33429,140,12173.33,13,-45,29,-67,0
11:25:24.268 ,12173.33,13,10560,3,10923,5,27802.5,106,11311.04,7,-44,30,-68,0
11:25:24.407 ,12173.33,13,10923,5,10923,5,19528.23,57,12173.33,13,-44,31,-67,0
11:25:24.500 ,11726.79,10,10560,3,10923,5,15015,30,12173.33,13,-42,30,-69,0
11:26:13.309 ,12173.33,13,17437.89,44,12654.23,15,11311.04,7,11311.04,7,9,203,603,0
11:26:13.402 ,13173.6,19,20769.38,64,12173.33,13,10923,5,10923,5,-57,53,-71,1
11:26:13.496 ,12654.23,15,22176,73,12654.23,15,11311.04,7,10923,5,-57,54,-69,1
11:26:13.636 ,13173.6,19,23783.57,82,12654.23,15,11311.04,7,11311.04,7,-57,51,-71,1
11:26:13.731 ,13173.6,19,27802.5,106,12173.33,13,11311.04,7,11311.04,7,-56,52,-69,1
11:26:13.824 ,13736.25,22,27802.5,106,12654.23,15,11311.04,7,13173.6,19,-56,53,-71,1
11:26:13.916 ,13736.25,22,25638.46,93,12654.23,15,10923,5,17437.89,44,-56,56,-70,1
11:26:14.056 ,16549.5,39,30360,122,12173.33,13,11311.04,7,22176,73,-55,52,-69,1
11:26:14.150 ,19528.23,57,33429,140,12654.23,15,11311.04,7,27802.5,106,-55,53,-66,1
11:26:14.244 ,22176,73,33429,140,11726.79,10,11311.04,7,33429,140,-52,53,-64,1
11:26:14.337 ,25638.46,93,41868.75,191,12173.33,13,11311.04,7,47897.14,227,-50,50,-60,1
11:26:14.477 ,27802.5,106,41868.75,191,12654.23,15,11726.79,10,55935,275,-48,50,-57,1
11:26:14.571 ,30360,122,37180,163,12173.33,13,11311.04,7,41868.75,191,-46,49,-54,1
11:26:14.665 ,30360,122,41868.75,191,12173.33,13,11726.79,10,55935,275,-43,43,-49,1
11:26:14.757 ,30360,122,37180,163,12654.23,15,10923,5,47897.14,227,-40,42,-48,1
11:26:14.900 ,33429,140,37180,163,13736.25,22,11311.04,7,41868.75,191,-39,42,-47,1
11:26:14.994 ,27802.5,106,37180,163,14347.83,26,12173.33,13,41868.75,191,-41,41,-49,1
11:26:15.087 ,27802.5,106,37180,163,17437.89,44,15745.71,34,41868.75,191,-43,43,-54,1
11:26:15.182 ,30360,122,33429,140,22176,73,22176,73,47897.14,227,-46,45,-54,1
11:26:15.321 ,27802.5,106,33429,140,33429,140,33429,140,41868.75,191,-47,45,-56,2
11:26:15.413 ,30360,122,37180,163,37180,163,37180,163,47897.14,227,-50,47,-58,2
11:26:15.505 ,30360,122,37180,163,41868.75,191,41868.75,191,41868.75,191,-49,46,-57,2
11:26:15.600 ,30360,122,37180,163,47897.14,227,55935,275,47897.14,227,-49,47,-58,2
11:26:15.742 ,30360,122,37180,163,41868.75,191,55935,275,47897.14,227,-47,45,-60,2
11:26:15.835 ,30360,122,33429,140,41868.75,191,47897.14,227,41868.75,191,-50,46,-60,2
11:26:15.929 ,25638.46,93,41868.75,191,41868.75,191,55935,275,41868.75,191,-49,45,-59,2
11:26:16.024 ,27802.5,106,37180,163,41868.75,191,47897.14,227,47897.14,227,-48,47,-60,2
11:26:16.160 ,25638.46,93,27802.5,106,37180,163,37180,163,41868.75,191,-49,45,-59,2
11:26:16.254 ,27802.5,106,27802.5,106,41868.75,191,47897.14,227,41868.75,191,-49,45,-57,2
11:26:16.348 ,25638.46,93,22176,73,41868.75,191,47897.14,227,41868.75,191,-47,44,-57,2
11:26:16.443 ,22176,73,17437.89,44,47897.14,227,37180,163,27802.5,106,-47,45,-57,2
11:26:16.537 ,19528.23,57,15015,30,47897.14,227,47897.14,227,18425,50,-46,44,-58,2
11:26:16.677 ,16549.5,39,14347.83,26,41868.75,191,47897.14,227,14347.83,26,-47,45,-61,2
11:26:16.770 ,16549.5,39,13736.25,22,41868.75,191,47897.14,227,13736.25,22,-49,45,-62,2
11:26:16.864 ,15015,30,12654.23,15,41868.75,191,47897.14,227,13173.6,19,-49,45,-64,2
11:26:16.957 ,13736.25,22,11726.79,10,41868.75,191,33429,140,11726.79,10,-50,46,-64,2
11:26:17.096 ,13736.25,22,10560,3,41868.75,191,27802.5,106,11726.79,10,-51,44,-67,2
11:26:17.191 ,12654.23,15,10923,5,41868.75,191,22176,73,11311.04,7,-53,44,-66,1
11:26:17.285 ,12173.33,13,10219.69,1,37180,163,17437.89,44,11311.04,7,-52,42,-70,1
11:26:17.378 ,12173.33,13,10219.69,1,33429,140,13173.6,19,11311.04,7,-51,42,-68,1
11:26:17.518 ,12654.23,15,10560,3,22176,73,12173.33,13,11311.04,7,-52,42,-70,1
11:26:17.613 ,12654.23,15,10219.69,1,12654.23,15,10923,5,11311.04,7,-51,43,-71,1
11:26:17.707 ,11726.79,10,10219.69,1,10560,3,10560,3,10923,5,-52,44,-72,1
11:26:17.803 ,11726.79,10,10560,3,10560,3,10923,5,11311.04,7,-52,45,-71,1
11:26:17.964 ,12173.33,13,10219.69,1,10923,5,10923,5,11311.04,7,-50,44,-72,1
11:26:18.033 ,11311.04,7,10560,3,10560,3,10560,3,10923,5,-52,44,-70,1
11:26:18.126 ,11726.79,10,10560,3,10923,5,10560,3,11726.79,10,-52,42,-71,1
11:26:18.221 ,11311.04,7,10219.69,1,10560,3,10923,5,10923,5,-53,42,-70,1
11:26:18.360 ,11726.79,10,9900,0,10560,3,10560,3,11311.04,7,-50,43,-73,0
11:26:18.453 ,11311.04,7,10560,3,10923,5,10923,5,10923,5,-51,43,-69,0
11:26:18.546 ,11311.04,7,9900,0,11311.04,7,10219.69,1,11726.79,10,-52,41,-71,0
11:27:20.673 ,12654.23,15,12173.33,13,11726.79,10,10923,5,11311.04,7,-44,33,-61,0
11:27:20.810 ,12173.33,13,12654.23,15,12173.33,13,10923,5,11726.79,10,-43,32,-63,1
11:27:20.905 ,12654.23,15,11726.79,10,11726.79,10,11311.04,7,12173.33,13,-46,33,-62,1
11:27:21.008 ,12654.23,15,12173.33,13,11726.79,10,11311.04,7,11726.79,10,-45,33,-62,1
11:27:21.093 ,12654.23,15,12173.33,13,11726.79,10,11311.04,7,12654.23,15,-44,34,-62,1
11:27:21.234 ,11726.79,10,12654.23,15,12173.33,13,11311.04,7,15745.71,34,-44,34,-61,1
11:27:21.327 ,11726.79,10,13736.25,22,12173.33,13,11311.04,7,27802.5,106,-42,33,-61,1
11:27:21.422 ,12173.33,13,14347.83,26,11726.79,10,11311.04,7,37180,163,-42,33,-57,1
11:27:21.515 ,11726.79,10,19528.23,57,11726.79,10,11311.04,7,47897.14,227,-42,32,-59,1
11:27:21.655 ,11311.04,7,27802.5,106,12173.33,13,11726.79,10,47897.14,227,-39,31,-58,1
11:27:21.748 ,11726.79,10,33429,140,11726.79,10,11311.04,7,47897.14,227,-40,31,-57,1
11:27:21.842 ,13736.25,22,41868.75,191,12173.33,13,11311.04,7,47897.14,227,-40,29,-58,1
11:27:21.936 ,15745.71,34,41868.75,191,11726.79,10,11311.04,7,47897.14,227,-41,30,-58,1
11:27:22.076 ,17437.89,44,37180,163,11726.79,10,11726.79,10,47897.14,227,-41,30,-60,1
11:27:22.168 ,18425,50,41868.75,191,11726.79,10,11726.79,10,47897.14,227,-40,30,-59,1
11:27:22.263 ,20769.38,64,41868.75,191,15015,30,11311.04,7,41868.75,191,-40,31,-58,1
11:27:22.355 ,23783.57,82,37180,163,19528.23,57,11726.79,10,55935,275,-41,26,-57,1
11:27:22.496 ,27802.5,106,37180,163,30360,122,10923,5,47897.14,227,-41,29,-58,1
11:27:22.589 ,30360,122,37180,163,41868.75,191,11726.79,10,47897.14,227,-39,30,-56,1
11:27:22.684 ,27802.5,106,37180,163,41868.75,191,10923,5,55935,275,-37,30,-55,2
11:27:22.774 ,27802.5,106,37180,163,47897.14,227,11726.79,10,47897.14,227,-39,30,-54,2
11:27:22.869 ,27802.5,106,41868.75,191,47897.14,227,11311.04,7,55935,275,-39,28,-54,2
11:27:23.012 ,27802.5,106,37180,163,47897.14,227,11311.04,7,47897.14,227,-37,29,-53,2
11:27:23.102 ,30360,122,33429,140,47897.14,227,11726.79,10,47897.14,227,-39,26,-54,2
11:27:23.195 ,27802.5,106,27802.5,106,47897.14,227,12173.33,13,55935,275,-40,29,-56,2
11:27:23.289 ,30360,122,17437.89,44,55935,275,12654.23,15,41868.75,191,-42,32,-57,2
11:27:23.432 ,27802.5,106,13173.6,19,41868.75,191,15015,30,41868.75,191,-42,32,-59,2
11:27:23.524 ,27802.5,106,11726.79,10,41868.75,191,22176,73,27802.5,106,-44,31,-59,2
11:27:23.619 ,30360,122,10923,5,41868.75,191,37180,163,22176,73,-42,32,-60,2
11:27:23.715 ,25638.46,93,10560,3,41868.75,191,47897.14,227,19528.23,57,-43,31,-60,2
11:27:23.854 ,27802.5,106,10923,5,41868.75,191,41868.75,191,15745.71,34,-43,31,-59,2
11:27:23.948 ,27802.5,106,10560,3,41868.75,191,55935,275,15015,30,-43,29,-58,2
11:27:24.040 ,27802.5,106,10219.69,1,37180,163,41868.75,191,12173.33,13,-42,31,-59,1
11:27:24.134 ,27802.5,106,10219.69,1,47897.14,227,47897.14,227,12173.33,13,-42,30,-60,1
11:27:24.275 ,23783.57,82,10560,3,37180,163,41868.75,191,12173.33,13,-42,31,-58,1
11:27:24.369 ,22176,73,10560,3,27802.5,106,47897.14,227,11726.79,10,-40,31,-57,1
11:27:24.463 ,16549.5,39,10560,3,18425,50,41868.75,191,11726.79,10,-43,31,-61,1
11:27:24.558 ,15015,30,10219.69,1,12173.33,13,47897.14,227,11726.79,10,-41,30,-59,1
11:27:24.698 ,14347.83,26,10560,3,10923,5,47897.14,227,11726.79,10,-43,30,-59,1
11:27:24.791 ,13736.25,22,10219.69,1,10560,3,47897.14,227,11726.79,10,-43,30,-62,0
11:27:24.885 ,13173.6,19,10219.69,1,10560,3,41868.75,191,11311.04,7,-44,30,-63,0
11:27:24.982 ,13173.6,19,10219.69,1,10923,5,41868.75,191,11726.79,10,-45,30,-64,0
11:27:25.077 ,13173.6,19,10560,3,10560,3,41868.75,191,11726.79,10,-43,31,-62,0
11:27:25.212 ,12654.23,15,10219.69,1,10923,5,41868.75,191,11726.79,10,-46,31,-66,0
11:27:25.307 ,13173.6,19,10560,3,10560,3,47897.14,227,11726.79,10,-45,31,-66,0
11:27:25.402 ,12654.23,15,10923,5,10923,5,47897.14,227,12173.33,13,-44,29,-67,0
11:27:25.513 ,12654.23,15,10560,3,10923,5,37180,163,11726.79,10,-45,31,-65,0
11:27:25.632 ,12654.23,15,10560,3,10923,5,33429,140,12173.33,13,-44,31,-65,0
11:27:25.726 ,12173.33,13,10560,3,11311.04,7,23783.57,82,12173.33,13,-45,30,-64,0
11:27:25.822 ,12654.23,15,10923,5,10923,5,18425,50,11726.79,10,-44,28,-64,0
11:27:25.915 ,12173.33,13,11726.79,10,11311.04,7,14347.83,26,11726.79,10,-47,29,-65,0
11:37:29.857 ,11726.79,10,13173.6,19,11311.04,7,11311.04,7,10923,5,-22,93,-81,0
11:37:29.951 ,11311.04,7,13173.6,19,11311.04,7,11311.04,7,11311.04,7,-21,90,-74,0
11:37:30.046 ,11726.79,10,13173.6,19,11311.04,7,11311.04,7,10923,5,-22,91,-75,0
11:37:30.139 ,11311.04,7,13173.6,19,11311.04,7,10923,5,10923,5,-22,91,-76,0
11:37:30.280 ,11311.04,7,13173.6,19,11726.79,10,11311.04,7,10560,3,-20,92,-76,0
11:37:30.372 ,11726.79,10,13173.6,19,10923,5,11311.04,7,10923,5,-22,90,-76,0
11:37:30.464 ,13173.6,19,13173.6,19,11726.79,10,11311.04,7,10923,5,-21,92,-76,1
11:37:30.557 ,15745.71,34,13173.6,19,11311.04,7,11311.04,7,11311.04,7,-21,89,-75,1
11:37:30.699 ,18425,50,13173.6,19,10923,5,10923,5,13173.6,19,-20,91,-77,1
11:37:30.792 ,22176,73,13736.25,22,11311.04,7,11311.04,7,14347.83,26,-19,91,-79,1
11:37:30.886 ,22176,73,13173.6,19,11726.79,10,10923,5,15745.71,34,-22,92,-78,1
11:37:30.980 ,22176,73,15745.71,34,12173.33,13,11311.04,7,15015,30,-20,89,-76,1
11:37:31.120 ,25638.46,93,16549.5,39,11311.04,7,10923,5,16549.5,39,-23,92,-76,1
11:37:31.214 ,27802.5,106,18425,50,11311.04,7,11311.04,7,17437.89,44,-21,92,-78,1
11:37:31.308 ,27802.5,106,20769.38,64,11726.79,10,10923,5,20769.38,64,-24,89,-76,1
11:37:31.401 ,27802.5,106,23783.57,82,11726.79,10,12173.33,13,19528.23,57,-22,91,-77,1
11:37:31.540 ,25638.46,93,27802.5,106,13173.6,19,12654.23,15,23783.57,82,-22,90,-78,1
11:37:31.633 ,25638.46,93,27802.5,106,15015,30,15015,30,25638.46,93,-21,92,-79,1
11:37:31.728 ,27802.5,106,27802.5,106,16549.5,39,16549.5,39,25638.46,93,-21,90,-78,1
11:37:31.819 ,25638.46,93,33429,140,19528.23,57,18425,50,25638.46,93,-23,89,-80,1
11:37:31.958 ,25638.46,93,33429,140,22176,73,19528.23,57,23783.57,82,-24,92,-77,1
11:37:32.050 ,27802.5,106,30360,122,20769.38,64,22176,73,23783.57,82,-21,92,-78,1
11:37:32.145 ,27802.5,106,30360,122,23783.57,82,25638.46,93,25638.46,93,-21,91,-78,1
11:37:32.239 ,25638.46,93,30360,122,23783.57,82,27802.5,106,23783.57,82,-24,92,-80,1
11:37:32.380 ,25638.46,93,30360,122,25638.46,93,25638.46,93,23783.57,82,-23,92,-78,1
11:37:32.474 ,25638.46,93,27802.5,106,25638.46,93,27802.5,106,27802.5,106,-22,91,-79,1
11:37:32.565 ,25638.46,93,30360,122,23783.57,82,27802.5,106,22176,73,-22,92,-77,1
11:37:32.659 ,22176,73,25638.46,93,27802.5,106,27802.5,106,20769.38,64,-22,91,-77,1
11:37:32.804 ,18425,50,22176,73,25638.46,93,30360,122,19528.23,57,-20,92,-77,1
11:37:32.892 ,16549.5,39,18425,50,23783.57,82,27802.5,106,17437.89,44,-22,91,-76,1
11:37:32.986 ,14347.83,26,13736.25,22,23783.57,82,25638.46,93,16549.5,39,-24,91,-78,1
11:37:33.079 ,13173.6,19,12654.23,15,25638.46,93,27802.5,106,15745.71,34,-22,90,-77,1
11:37:33.221 ,12173.33,13,12173.33,13,22176,73,27802.5,106,14347.83,26,-22,90,-77,0
11:37:33.316 ,12173.33,13,11726.79,10,20769.38,64,27802.5,106,13173.6,19,-22,90,-77,0
11:37:33.409 ,12173.33,13,11311.04,7,15745.71,34,25638.46,93,13736.25,22,-25,89,-76,0
11:37:33.502 ,10923,5,10923,5,14347.83,26,25638.46,93,12173.33,13,-24,92,-77,0
11:37:33.595 ,10560,3,10560,3,12654.23,15,27802.5,106,12173.33,13,-20,91,-78,0
11:37:33.733 ,11311.04,7,10923,5,12173.33,13,25638.46,93,12654.23,15,-19,95,-81,0
11:37:33.827 ,10923,5,11311.04,7,11311.04,7,20769.38,64,11726.79,10,-21,93,-84,0
11:37:33.924 ,10923,5,11726.79,10,10923,5,14347.83,26,11311.04,7,-20,94,-84,0
11:37:34.058 ,10923,5,10923,5,10923,5,13173.6,19,11726.79,10,-19,94,-86,0
11:37:34.157 ,10923,5,11311.04,7,10923,5,10560,3,10923,5,-19,92,-86,0
11:37:34.260 ,10560,3,12173.33,13,10923,5,10560,3,10923,5,-21,94,-86,0
11:37:34.339 ,10923,5,12654.23,15,10923,5,10560,3,11311.04,7,-20,95,-85,0
11:37:34.478 ,10923,5,12654.23,15,10923,5,10923,5,11726.79,10,-21,94,-85,0
11:37:34.572 ,11311.04,7,12173.33,13,11311.04,7,10560,3,11311.04,7,-21,94,-86,0
11:37:34.666 ,10923,5,12173.33,13,11311.04,7,10560,3,11726.79,10,-22,92,-85,0
11:37:34.758 ,10923,5,11726.79,10,10923,5,10923,5,10923,5,-20,92,-86,0
11:37:34.898 ,11311.04,7,12173.33,13,11726.79,10,10923,5,10923,5,-22,93,-89,0
11:37:34.994 ,10923,5,12654.23,15,11726.79,10,10923,5,11311.04,7,-23,94,-86,0
11:37:35.087 ,10560,3,12173.33,13,12173.33,13,11311.04,7,10923,5,-21,93,-87,0
11:37:54.460 ,11726.79,10,11726.79,10,11726.79,10,11311.04,7,10923,5,-16,96,-99,0
11:37:54.554 ,10923,5,12173.33,13,11311.04,7,11726.79,10,10923,5,-15,94,-97,0
11:37:54.649 ,11311.04,7,11726.79,10,10923,5,11311.04,7,10923,5,-14,97,-98,0
11:37:54.791 ,10923,5,12173.33,13,10923,5,11726.79,10,10923,5,-14,95,-97,0
11:37:54.886 ,11311.04,7,11726.79,10,10923,5,11311.04,7,11311.04,7,-16,96,-97,0
11:37:54.990 ,11311.04,7,12173.33,13,11311.04,7,11311.04,7,11311.04,7,-15,95,-98,0
11:37:55.074 ,11726.79,10,12654.23,15,10923,5,11311.04,7,12173.33,13,-15,95,-97,0
11:37:55.216 ,10923,5,12173.33,13,11726.79,10,11311.04,7,14347.83,26,-16,96,-98,0
11:37:55.310 ,11726.79,10,12654.23,15,11311.04,7,11726.79,10,15745.71,34,-15,96,-97,0
11:37:55.402 ,12654.23,15,13736.25,22,11311.04,7,11726.79,10,17437.89,44,-15,95,-97,0
11:37:55.498 ,14347.83,26,14347.83,26,11311.04,7,11311.04,7,18425,50,-15,97,-96,1
11:37:55.638 ,16549.5,39,16549.5,39,10923,5,11726.79,10,22176,73,-14,96,-95,1
11:37:55.731 ,19528.23,57,20769.38,64,11311.04,7,11726.79,10,23783.57,82,-13,95,-94,1
11:37:55.825 ,22176,73,23783.57,82,11726.79,10,12173.33,13,22176,73,-13,95,-92,1
11:37:55.916 ,23783.57,82,27802.5,106,10923,5,16549.5,39,23783.57,82,-13,95,-93,1
11:37:56.022 ,25638.46,93,30360,122,11311.04,7,19528.23,57,25638.46,93,-11,97,-92,1
11:37:56.152 ,25638.46,93,33429,140,11726.79,10,23783.57,82,23783.57,82,-12,95,-91,1
11:37:56.245 ,25638.46,93,33429,140,13173.6,19,27802.5,106,23783.57,82,-11,97,-91,1
11:37:56.338 ,25638.46,93,33429,140,18425,50,27802.5,106,22176,73,-13,96,-89,1
11:37:56.432 ,25638.46,93,33429,140,22176,73,27802.5,106,22176,73,-13,97,-89,1
11:37:56.573 ,23783.57,82,37180,163,30360,122,27802.5,106,22176,73,-11,94,-88,1
11:37:56.667 ,25638.46,93,37180,163,27802.5,106,23783.57,82,20769.38,64,-14,97,-92,1
11:37:56.762 ,23783.57,82,37180,163,25638.46,93,25638.46,93,20769.38,64,-12,95,-89,1
11:37:56.854 ,25638.46,93,37180,163,25638.46,93,25638.46,93,20769.38,64,-12,96,-91,1
11:37:57.012 ,23783.57,82,33429,140,25638.46,93,23783.57,82,18425,50,-12,96,-91,1
11:37:57.091 ,20769.38,64,37180,163,25638.46,93,23783.57,82,19528.23,57,-13,94,-92,1
11:37:57.186 ,17437.89,44,33429,140,25638.46,93,22176,73,17437.89,44,-13,95,-92,1
11:37:57.278 ,16549.5,39,30360,122,25638.46,93,23783.57,82,18425,50,-12,97,-93,1
11:37:57.420 ,15015,30,37180,163,25638.46,93,23783.57,82,15745.71,34,-14,97,-94,1
11:37:57.512 ,13736.25,22,30360,122,25638.46,93,22176,73,14347.83,26,-15,95,-93,1
11:37:57.605 ,13173.6,19,33429,140,25638.46,93,15745.71,34,14347.83,26,-15,95,-91,1
11:37:57.697 ,12654.23,15,27802.5,106,23783.57,82,12654.23,15,14347.83,26,-15,94,-92,1
11:37:57.839 ,11726.79,10,27802.5,106,23783.57,82,10923,5,14347.83,26,-14,95,-95,1
11:37:57.931 ,10923,5,25638.46,93,25638.46,93,10923,5,13173.6,19,-13,97,-93,0
11:37:58.018 ,10923,5,23783.57,82,25638.46,93,10923,5,12173.33,13,-15,96,-94,0
11:37:58.149 ,10560,3,19528.23,57,25638.46,93,10923,5,12654.23,15,-14,97,-93,0
11:37:58.261 ,10560,3,17437.89,44,27802.5,106,10923,5,12173.33,13,-13,97,-94,0
11:37:58.361 ,10923,5,15745.71,34,25638.46,93,10560,3,11726.79,10,-12,97,-94,0
11:37:58.442 ,10560,3,15745.71,34,17437.89,44,10923,5,11311.04,7,-14,96,-95,0
11:37:58.554 ,10923,5,14347.83,26,11726.79,10,10923,5,10923,5,-13,98,-95,0
11:37:58.676 ,9900,0,13173.6,19,10923,5,10923,5,11311.04,7,-13,98,-95,0
11:37:58.767 ,10219.69,1,12654.23,15,10219.69,1,10923,5,10923,5,-14,98,-98,0
11:37:58.860 ,10219.69,1,11726.79,10,10560,3,10923,5,10923,5,-13,97,-98,0
11:37:58.953 ,10560,3,10923,5,10923,5,10923,5,11311.04,7,-13,98,-99,0
11:37:59.094 ,10560,3,10560,3,10923,5,10560,3,10923,5,-12,96,-100,0
11:37:59.188 ,10560,3,10219.69,1,10923,5,10923,5,10923,5,-14,97,-99,0
11:37:59.281 ,10560,3,10560,3,10923,5,11311.04,7,10923,5,-15,98,-98,0
11:37:59.386 ,10560,3,10219.69,1,10560,3,11726.79,10,11311.04,7,-13,98,-100,0
11:37:59.513 ,10560,3,10219.69,1,11311.04,7,11311.04,7,10923,5,-13,97,-98,0
11:37:59.617 ,10560,3,9900,0,10923,5,11311.04,7,11311.04,7,-13,97,-97,0
11:37:59.704 ,10560,3,10219.69,1,10923,5,11311.04,7,10923,5,-13,97,-99,0
15:54:19.040 -> ,10923,5,10219.69,1,10923,5,10560,3,11311.04,7,-30,81,-82,1
15:54:19.134 -> ,10923,5,10923,5,10219.69,1,10219.69,1,11311.04,7,-29,82,-83,1
15:54:19.228 -> ,10560,3,10560,3,10923,5,10560,3,10923,5,-28,82,-82,1
15:54:19.321 -> ,10923,5,10560,3,10923,5,10560,3,10923,5,-29,80,-80,1
15:54:19.415 -> ,11311.04,7,10219.69,1,10560,3,10219.69,1,11311.04,7,-29,80,-82,1
15:54:19.511 -> ,10923,5,10560,3,10560,3,10560,3,11311.04,7,-29,82,-82,1
15:54:19.653 -> ,10923,5,11311.04,7,11726.79,10,10923,5,10923,5,-31,83,-81,1
15:54:19.745 -> ,10923,5,12173.33,13,11311.04,7,10923,5,11311.04,7,-30,80,-83,1
15:54:19.841 -> ,12654.23,15,13173.6,19,11726.79,10,11726.79,10,11311.04,7,-29,81,-82,1
15:54:19.935 -> ,14347.83,26,15015,30,12654.23,15,12654.23,15,11726.79,10,-29,81,-82,1
15:54:20.076 -> ,13736.25,22,14347.83,26,12654.23,15,11726.79,10,11311.04,7,-29,82,-81,1
15:54:20.172 -> ,15745.71,34,14347.83,26,12654.23,15,12654.23,15,11726.79,10,-29,81,-83,1
15:54:20.265 -> ,16549.5,39,13736.25,22,13173.6,19,11726.79,10,12173.33,13,-28,82,-81,1
15:54:20.360 -> ,17437.89,44,15015,30,12654.23,15,11726.79,10,12173.33,13,-31,83,-82,1
15:54:20.455 -> ,16549.5,39,15015,30,13173.6,19,11726.79,10,12654.23,15,-30,80,-81,1
15:54:20.595 -> ,17437.89,44,14347.83,26,12654.23,15,11726.79,10,13173.6,19,-30,82,-79,1
15:54:20.689 -> ,18425,50,15015,30,12654.23,15,11726.79,10,13173.6,19,-30,80,-81,1
15:54:20.783 -> ,17437.89,44,15015,30,12654.23,15,11726.79,10,13736.25,22,-30,81,-80,1
15:54:20.877 -> ,17437.89,44,15015,30,12173.33,13,11311.04,7,13173.6,19,-33,81,-81,1
15:54:21.015 -> ,17437.89,44,15015,30,12173.33,13,11726.79,10,13736.25,22,-29,81,-82,1
15:54:21.109 -> ,16549.5,39,15015,30,11726.79,10,11311.04,7,13736.25,22,-30,82,-83,1
15:54:21.203 -> ,16549.5,39,15015,30,12654.23,15,11311.04,7,13173.6,19,-31,81,-82,1
15:54:21.296 -> ,18425,50,15015,30,12654.23,15,11726.79,10,14347.83,26,-32,80,-81,1
15:54:21.392 -> ,16549.5,39,16549.5,39,12654.23,15,11311.04,7,15015,30,-31,82,-84,1
15:54:21.530 -> ,15745.71,34,15745.71,34,12173.33,13,10923,5,13736.25,22,-31,81,-83,1
15:54:21.626 -> ,15745.71,34,15015,30,12173.33,13,10923,5,15015,30,-33,81,-84,1
15:54:21.719 -> ,15745.71,34,15015,30,12173.33,13,10923,5,14347.83,26,-30,79,-83,1
15:54:21.812 -> ,15745.71,34,15015,30,11726.79,10,10923,5,14347.83,26,-29,81,-84,1
15:54:21.954 -> ,15745.71,34,15745.71,34,11726.79,10,10923,5,14347.83,26,-32,82,-82,1
15:54:22.049 -> ,15745.71,34,15015,30,10923,5,10219.69,1,14347.83,26,-30,81,-83,1
15:54:22.143 -> ,15745.71,34,14347.83,26,11311.04,7,10219.69,1,14347.83,26,-29,80,-82,1
15:54:22.237 -> ,15015,30,15015,30,10560,3,10219.69,1,13736.25,22,-30,82,-83,1
15:54:22.378 -> ,13736.25,22,14347.83,26,10923,5,10219.69,1,15015,30,-31,80,-82,1
15:54:22.472 -> ,13173.6,19,13736.25,22,10560,3,10560,3,12654.23,15,-31,81,-82,1
15:54:22.565 -> ,13173.6,19,13173.6,19,10923,5,10560,3,13173.6,19,-30,83,-84,1
15:54:22.660 -> ,12654.23,15,12654.23,15,10219.69,1,10219.69,1,12173.33,13,-28,81,-84,1
15:54:22.755 -> ,13173.6,19,12173.33,13,10923,5,10923,5,12173.33,13,-30,83,-84,1
15:54:22.895 -> ,12654.23,15,12173.33,13,11311.04,7,10219.69,1,11726.79,10,-31,83,-84,1
15:54:22.989 -> ,12173.33,13,12173.33,13,10560,3,10219.69,1,12173.33,13,-31,81,-84,1
15:54:23.082 -> ,11726.79,10,12173.33,13,10923,5,10560,3,11726.79,10,-30,81,-85,1
15:54:23.176 -> ,11311.04,7,12173.33,13,10923,5,10560,3,11726.79,10,-31,84,-82,1
15:54:23.317 -> ,11311.04,7,11311.04,7,10923,5,10219.69,1,11311.04,7,-30,80,-83,1
15:54:23.411 -> ,11726.79,10,10560,3,11311.04,7,10560,3,11311.04,7,-31,81,-86,1
15:54:23.504 -> ,11726.79,10,10923,5,10560,3,10923,5,11311.04,7,-30,82,-83,1
15:54:23.596 -> ,11311.04,7,10923,5,11311.04,7,10560,3,11726.79,10,-31,81,-83,1
15:54:23.736 -> ,11726.79,10,10560,3,11726.79,10,10219.69,1,11726.79,10,-32,82,-85,1
15:54:23.831 -> ,11726.79,10,10560,3,11311.04,7,10560,3,10923,5,-32,82,-82,1
15:54:23.925 -> ,11311.04,7,10923,5,10923,5,10560,3,11311.04,7,-31,80,-83,1
15:54:24.020 -> ,11311.04,7,10560,3,10923,5,10923,5,11311.04,7,-31,83,-84,1
15:54:24.112 -> ,10923,5,10560,3,11311.04,7,10219.69,1,11311.04,7,-31,79,-84,1
15:54:24.253 -> ,11311.04,7,10560,3,11726.79,10,10560,3,11311.04,7,-32,82,-85,1